"大区","所属分公司","业务上级","拜访人","销售三级类","店面编号","店面名称","主体名称","拜访开始时间","拜访结束时间","是否达标","拜访用时","店面营业执照地址","店面实际展业地址","店面系统定位类型","店面系统定位地址","拜访开始地址","拜访结束地址"
"华东区","福州分公司","罗鸣健","黄巧艳(易鑫融资租赁福州分公司-金融顾问)","金融顾问","DM221028069","宁德蕉城埃安汽车销售有限公司","宁德蕉城埃安汽车销售有限公司","2025-03-05 08:58:38","2025-03-05 09:05:47","是","7","福建省宁德市蕉城区金涵畲族乡国道路101号茶厂21幢101室-1号","福建省宁德市蕉城区福建省宁德市蕉城区金涵畲族乡国道路101号茶厂21幢101室-1号","展业地址","福建省宁德市蕉城区金涵畲族乡104国道蕉城区电子商务综合产业园","福建省宁德市蕉城区104国道7-22号靠近宁德市公安局交警支队直属一大队金涵中队交通违法处理室",NA
"华东区","福州分公司","邓翘","谢文武","金融顾问","DM240430032","莆田市玖壹捌汽车服务有限公司","莆田市玖壹捌汽车服务有限公司","2025-03-05 08:58:32",NA,"否","0","福建省莆田市涵江区涵东街道人民街300号","福建省莆田市涵江区福建省莆田市涵江区涵东街道人民街300号","展业地址","福建省莆田市涵江区城涵东大道3345号靠近欣嘉实业","福建省莆田市涵江区城涵东大道城涵东大道",NA
"华东区","福州分公司","邓翘","张丰","金融顾问","DM220905011","福州市闽侯县埃安汽车销售服务有限公司","福州市闽侯县埃安汽车销售服务有限公司","2025-03-05 08:57:53",NA,"否","0","福建省福州市闽侯县尚干镇祥通路11-5号","福建省福州市闽侯县尚干镇祥通路11-5号","展业地址","福建省福州市闽侯县尚干镇良安路祥鑫","福建省福州市闽侯县祥通路11号靠近青口汽车城",NA
"华东区","福州分公司","祝新君","徐小丽","金融顾问","DM241225017","福州市鼓楼区驰捷汽车信息咨询服务部","福州市鼓楼区驰捷汽车信息咨询服务部（个体工商户）","2025-03-05 08:56:41",NA,"否","0","福建省福州市鼓楼区水部街道福新路239号吉翔双子星大厦1#楼1006-A3","福建省福州市仓山区齐安路利嘉汽车城负一楼","展业地址","福建省福州市仓山区仁山路与义序路交叉口南140米利嘉国际商业城","福建省福州市仓山区盖山镇利嘉海峡商业城12号馆负二层利嘉国际商业城",NA
"华东区","福州分公司","陈晨(易鑫融资租赁厦门分公司)","吴云生","金融顾问","DM240307165","三明奥达创世汽车销售服务有限公司","三明奥达创世汽车销售服务有限公司","2025-03-05 08:56:02","2025-03-05 08:56:12","否","0","福建省三明市三元区新市北路999号新城财富广场3幢负一层","福建省三明市三元区江滨路1780号4号","展业地址","福建省三明市三元区江滨路1772号靠近三明市博物馆","福建省三明市三元区江滨路1772号靠近三明体育中心",NA
"华东区","福州分公司","邓翘","黄梅","金融顾问","DM0000005048","福建大川丰田汽车销售服务有限公司","福建大川丰田汽车销售服务有限公司","2025-03-05 08:55:37",NA,"否","0","莆田市涵江区滨海大道","福建省莆田市涵江区福建省莆田市涵江区白糖镇国欢西路","展业地址","福建省莆田市涵江区白塘镇国欢西路","福建省莆田市涵江区国欢西路97号靠近涵江区新涵工业集中区",NA
"华东区","福州分公司","罗鸣健","黄炎英","金融顾问","DM240522093","福州宜特行汽车","福州宜特行汽车服务有限公司","2025-03-05 08:55:08","2025-03-05 09:01:24","是","6","福建省福州市鼓楼区洪山镇梅兰路9号仁文·大儒世家1#、3#楼连接体1层06店面","福建省福州市闽侯县元峰村与旗山大道交叉口西南280号","展业地址","福建省福州市闽侯县元峰路9号靠近福晟·印江南","福建省福州市闽侯县元峰路5号靠近福晟·印江南","福建省福州市闽侯县元峰路7号靠近福晟·印江南"
"华东区","福州分公司","罗鸣健","罗建梅","金融顾问","DM220512060","福州捷路汽车有限公司","福州捷路汽车有限公司","2025-03-05 08:54:57",NA,"否","0","福州市马尾区马尾镇马江路28号（自贸试验区内）","福建省福州市马尾区福州市马尾区马尾镇马江路28号(自贸实验区内)","展业地址","福建省福州市马尾区马尾镇马江路见大(福州)食品有限公司","福建省福州市马尾区马江路建发福州沃尔沃(马尾捷路店)",NA
"华东区","福州分公司","陈晨(易鑫融资租赁厦门分公司)","池绯绯","金融顾问","DM210927101","三明市奕驰汽贸有限公司","三明市奕驰汽贸有限公司","2025-03-05 08:54:05",NA,"否","0","福建省三明市梅列区龙岗新村36幢一楼大厅","福建省三明市三元区下洋新村22幢一楼6号店","展业地址","福建省三明市三元区城关街道下洋一路华宇双城小区","福建省三明市三元区江滨南路917号靠近城关派出所",NA
"华东区","福州分公司","祝新君","陈桂榕","金融顾问","DM220428104","创旅名车汇","福州市鼓楼区冠君汽车信息咨询服务部","2025-03-05 08:53:20",NA,"否","0","福建省福州市鼓楼区水部街道五一北路129号榕城商贸中心七层08室-C13","福建省福州市仓山区仓山区红星农场仁山路52号利嘉国际商业城9号馆","展业地址","福建省福州市仓山区红星农场仁山路54号利嘉国际商业城9号馆",NA,NA
"华东区","福州分公司","陈晨(易鑫融资租赁厦门分公司)","吴晓丽","金融顾问","DM231201025","延平比亚迪","南平市万佰佳汽车销售服务有限公司","2025-03-05 08:52:50",NA,"否","0","福建省南平市延平区西芹镇西芹村水溪路26号","福建省南平市延平区福建省南平市延平区西芹镇西芹村水溪路26号","展业地址","福建省南平市延平区051乡道附近南平汽车客运中心站",NA,NA
"华东区","福州分公司","陈晨(易鑫融资租赁厦门分公司)","廖乾宇","金融顾问","DM241202044","福建省南平市逸行新能源科技有限公司","福建省南平市逸行新能源科技有限公司","2025-03-05 08:52:40",NA,"否","0","福建省南平市延平区南福路34号4层","福建省南平市延平区福建省南平市延平区南福路34号4层","展业地址","福建省南平市延平区316国道63号靠近延平郑氏骨科专科医院",NA,NA
"华东区","福州分公司","邓翘","陈晓健","金融顾问","DM230214024","福州赛马汽车销售服务有限公司","福州赛马汽车销售服务有限公司","2025-03-05 08:52:32",NA,"否","0","福州市仓山区则徐大道635号","福建省福州市仓山区则徐大道635号","展业地址","福建省福州市仓山区城门镇叶厦路68号城门镇政府干部教师楼",NA,NA
"华东区","福州分公司","邓翘","高云","金融顾问","DM250106052","福建福蕴汽车销售服务有限公司","福建福蕴汽车销售服务有限公司","2025-03-05 08:52:08","2025-03-05 09:06:14","是","14","福建省福州市仓山区潘墩路88号-188号","福建省福州市仓山区潘墩路88号-188号","展业地址","福建省福州市仓山区齐安路齐安路",NA,NA
"华东区","福州分公司","罗鸣健","方建荣","金融顾问","DM220607058","宁德市辉科新能源汽车贸易有限公司","宁德市辉科新能源汽车贸易有限公司","2025-03-05 08:49:42",NA,"否","0","福建省宁德市蕉城区宁川南路22-22号","福建省宁德市蕉城区蕉城区宁川南路22-22号","展业地址","福建省宁德市蕉城区城南镇宁川南路22号俊杰良园","福建省宁德市蕉城区宁川南路96号靠近俊杰良园",NA
"华东区","福州分公司","邓翘","吴俊瑛","金融顾问","DM200703025","莆田市南加松汽车贸易有限公司","莆田市南加松汽车贸易有限公司","2025-03-05 08:44:49",NA,"否","0","福建省莆田市荔城区西天尾镇澄渚村庙前888号","福建省莆田市荔城区西天尾镇澄渚村庙前888号","展业地址","福建省莆田市荔城区城涵东大道3222号靠近众泰汽车(福昆线店)","福建省莆田市荔城区城涵东大道3226号靠近誉峰名车",NA
"华东区","福州分公司","邓翘","郑春秀","金融顾问","DM241224023","福州瀚越汽车贸易有限公司","福州瀚越汽车贸易有限公司","2025-03-05 08:43:13","2025-03-05 08:58:08","是","14","福建省福州市闽侯县祥谦镇枕峰村祥宏北路217号","福建省福州市闽侯县324国道21号靠近福州鑫金福机动车检测站","展业地址","福建省福州市闽侯县324国道21号靠近祥谦陵园","福建省福州市闽侯县324国道21号靠近祥谦陵园","福建省福州市闽侯县324国道21号靠近祥谦陵园"
"华东区","福州分公司","陈晨(易鑫融资租赁厦门分公司)","苏儒宏","金融顾问","DM220206001","武夷山市鸿旺二手车中介所","武夷山市鸿旺二手车中介所","2025-03-05 08:42:20",NA,"否","0","武夷山市清献大道221号","福建省南平市武夷山市武夷山市清献大道221号","展业地址","福建省南平市武夷山市济川西路与清献大道交叉口西北100米车众汽车服务站",NA,NA
"华东区","福州分公司","祝新君","欧阳秀琴","金融顾问","DM230911087","福鼎市车源汽车销售部","福鼎市车源汽车销售部","2025-03-05 08:37:44",NA,"否","0","福建省宁德市福鼎市贵昌二手车市场A区28-31号","福建省宁德市福鼎市闽浙二手车市场A区9-11号","展业地址","973县道","福建省宁德市福鼎市(null)桐城街道",NA
"华东区","福州分公司","祝新君","李岳华","金融顾问","DM220620031","兴达名车展厅","福安市兴瑞汽车咨询服务部","2025-03-05 08:36:39",NA,"否","0","福建省宁德市福安市城南街道天马南路88号天马山庄147D","福建省宁德市福安市福建省宁德市福安市城南街道天马南路88号天马山庄147D","展业地址","福建省宁德市福安市城南街道广场南路209号天马山庄","福建省宁德市福安市金山南路与湖滨南路交叉口东北120米南湖花园C区",NA
"华东区","福州分公司","罗鸣健","黄丽钗","金融顾问","DM220328035","福州长泓汽车销售有限公司","福州长泓汽车销售有限公司","2025-03-05 08:34:13","2025-03-05 09:08:50","是","34","福建省福州市仓山区黄山村则徐大道633号","福建省福州市仓山区黄山村则徐大道633号","展业地址","福建省福州市仓山区城门镇则徐大道","福建省福州市仓山区则徐大道则徐大道",NA
"华东区","福州分公司","罗鸣健","陈剑峰","金融顾问","DM230925052","福州铭丁汽车服务有限公司","福州铭丁汽车服务有限公司","2025-03-05 08:31:45",NA,"否","0","福州高新区海西高新技术产业园久策大厦A座1层108室","福建省福州市闽侯县高新区海西高新技术产业园久策大厦A座1层108室","展业地址","福建省福州市闽侯县乌龙江大道久策大厦",NA,NA
"华东区","福州分公司","邓翘","郑正利","金融顾问","DM190121031","福州南港汽车贸易有限公司","福州南港汽车贸易有限公司","2025-03-05 08:31:31",NA,"否","0","福建省福州市闽侯县南通镇方庄村国道旁","福建省福州市闽侯县南通镇砂之船奥莱时代5号门55号","展业地址","福建省福州市闽侯县G70福银高速靠近福州砂之船小镇","福建省福州市闽侯县G70福银高速靠近3号广场",NA
"华东区","福州分公司","邓翘","邱贵辰","金融顾问","DM190314013","福建大川永丰汽车销售服务有限公司","福建大川永丰汽车销售服务有限公司","2025-03-05 08:29:02",NA,"否","0","莆田市荔城区荔园东路A1-A8号","福建省莆田市荔城区荔园东路A1-A8号","展业地址","福建省莆田市荔城区拱辰街道荔园中路","福建省莆田市荔城区城涵西大道660号靠近麦当劳(莆田城涵大道得来速店)",NA
"华东区","福州分公司","祝新君","张建峰","金融顾问","DM210708161","宁德市东道汽车服务有限公司","宁德市东道汽车服务有限公司","2025-03-05 08:24:01",NA,"否","0","福建省宁德市东侨经济开发区闽东中路9号二手车交易市场B区67号","福建省宁德市蕉城区福建省宁德市东侨经济开发区闽东中路9号二手车交易市场B区67号","展业地址","福建省宁德市蕉城区漳湾镇闽东东路东方红建材城","福建省宁德市蕉城区漳湾镇兰田村龙沙滩二弄82号众安民宿(瑞云路分店)",NA
"华东区","福州分公司","祝新君","黄礼群","金融顾问","DM240920019","福建奇瑞奇祥汽车销售服务有限公司福州捷途分公司","福建奇瑞奇祥汽车销售服务有限公司福州捷途分公司","2025-03-05 08:19:27",NA,"否","0","福建省福州市闽侯县尚干镇新榕路1号汽车超市二层C区C206-C209","福建省福州市闽侯县福建省福州市闽侯县尚干镇新榕路1号汽车超市二层C区C206-C209","展业地址","福建省福州市闽侯县104国道海峡汽车文化广场",NA,NA
"华东区","福州分公司","罗鸣健","邓智琴","金融顾问","DM200119012","福州福万汽车贸易有限公司","福州福万汽车贸易有限公司","2025-03-05 08:12:55","2025-03-05 09:01:24","是","48","福建省福州市仓山区潘墩路8号福远汽车广场8-1","福建省福州市仓山区福建省福州市仓山区潘墩路8号福远汽车广场8-1","展业地址","福建省福州市仓山区城门镇潘墩路福州中宝汽车销售服务有限公司",NA,NA
"华东区","福州分公司","祝新君","黄晓镇","金融顾问","DM210811003","福州市仓山区鑫鑫车缘汽车信息咨询服务部","福州市仓山区鑫鑫车缘汽车信息咨询服务部","2025-03-05 08:11:58",NA,"否","0","福建省福州市仓山区建新镇闽江大道90号滨江丽景临江园8号楼1层01店面","福建省福州市仓山区双湖三路27号福卡广场","展业地址","福建省福州市仓山区双湖三路3号福卡广场",NA,NA
"华东区","福州分公司","陈晨(易鑫融资租赁厦门分公司)","康礼青","金融顾问","DM211111002","机哥精品二手车","南平市建阳区机哥二手车有限公司","2025-03-05 08:08:56",NA,"否","0","南平市建阳区建平大道951号","福建省南平市建阳市潭山大道","展业地址","福建省南平市建阳区潭山大道潭山大道","福建省南平市建阳区潭山大道468号靠近正达东阙",NA
"华东区","福州分公司","陈晨(易鑫融资租赁厦门分公司)","廖春娣","金融顾问","DM240314029","三明市三元区品优汽车用品商行","三明市三元区品优汽车用品商行","2025-03-05 08:06:31",NA,"否","0","福建省三明市三元区翁墩城市物流园德安工业区46号102室","福建省三明市三元区福建省三明市三元区翁墩城市物流园德安工业区46号102室","展业地址","福建省三明市三元区新市北路新市北路","福建省三明市三元区乾龙路839号靠近美地大道",NA
"华东区","福州分公司","祝新君","林阿顺","金融顾问","DM240812069","中策车空间二手车","福州宝森二手车销售有限公司","2025-03-05 08:05:56",NA,"否","0","福建省福州市闽侯县青口镇海韵路1号海韵国际城18#楼1层41店面","福建省福州市闽侯县南通镇鑫洲路88号三盛璞悦湾54号","展业地址","福建省福州市闽侯县鑫洲路88号三盛·璞悦湾南向54号三盛·璞悦湾","福建省福州市闽侯县鑫洲路88号三盛·璞悦湾",NA
"华东区","福州分公司","陈晨(易鑫融资租赁厦门分公司)","康礼青","金融顾问","DM210816017","南平市建阳区兴隆汽车服务中心","南平市建阳区兴隆汽车服务中心","2025-03-04 20:57:44","2025-03-04 23:18:09","是","140","南平市建阳区建平大道949号","福建省南平市建阳市南平市建阳市童子山加油站鑫诚车行","展业地址","福建省南平市建阳区童游大街童游大街","福建省南平市建阳区崇泰街道童游大街","福建省南平市建阳区崇泰街道童游大街"
"华东区","福州分公司","罗鸣健","黄巧艳(易鑫融资租赁福州分公司-金融顾问)","金融顾问","DM0000015111","宁德市远辉汽车贸易有限公司","宁德市远辉汽车贸易有限公司","2025-03-04 20:38:42","2025-03-04 20:59:00","是","20","福建省宁德市东侨经济开发区疏港路8号（康民师东远电机厂区）3幢1层101","福建省宁德市蕉城区福建省宁德市蕉城区福建省宁德市东侨经济开发区疏港路8号","展业地址","福建省宁德市蕉城区工业路8号靠近宝骏汽车五菱汽车(宁德旗舰店)","福建省宁德市蕉城区疏港路疏港路","福建省宁德市蕉城区疏港路疏港路"
"华东区","福州分公司","罗鸣健","陈剑峰","金融顾问","DM240325158","福州胜华泰汽车销售有限公司","福州胜华泰汽车销售有限公司","2025-03-04 19:13:15","2025-03-04 19:18:54","是","5","福建省福州市仓山区城门镇潘墩路190号-545（自贸试验区内）","福建省福州市仓山区仓山区 建新镇闽江大道112号","展业地址","福建省福州市仓山区闽江大道110号靠近天俊·蓝水湾",NA,NA
"华东区","福州分公司","邓翘","高云","金融顾问","DM000005083","福建福远","福建福远贸易集团有限公司","2025-03-04 19:12:27","2025-03-04 19:58:02","是","45","福州市仓山区盖山投资区高台南路南端","福建省福州市仓山区仓山区-齐安路767号华侨产业园5号楼B栋","展业地址","福建省福州市仓山区齐安路767号靠近盘屿(地铁站)",NA,NA
"华东区","福州分公司","祝新君","黄晓镇","金融顾问","DM221124034","福州乐元汽车服务有限公司","福州乐元汽车服务有限公司","2025-03-04 19:00:46","2025-03-04 22:14:31","是","193","福建省福州市晋安区象园街道连潘34座综合楼一层东侧167","福建省福州市仓山区红星农场仁山路52号利嘉国际商业城9号馆","展业地址","福建省福州市仓山区红星农场仁山路52号利嘉国际商业城9号馆","福建省福州市仓山区盖山镇旱天溜冰场利嘉国际商业城","福建省福州市仓山区盖山镇旱天溜冰场利嘉国际商业城"
"华东区","福州分公司","邓翘","张丰","金融顾问","DM0000005068","福建省润通汽车销售服务有限责任公司","福建省润通汽车销售服务有限责任公司","2025-03-04 18:37:50","2025-03-04 21:07:20","是","149","福州市仓山区盖山镇高仕路2号","福建省福州市仓山区福州市仓山区盖山镇高仕路2号","展业地址","福建省福州市仓山区盖山镇高仕路仓山科技园(潘墩路)","福建省福州市仓山区城门镇高仕路2号福建省润通汽车销售服务有限责任公司","福建省福州市仓山区高仕路2号靠近福建省润通汽车销售服务有限责任公司"
"华东区","福州分公司","陈晨(易鑫融资租赁厦门分公司)","廖乾宇","金融顾问","DM190521028","南平市顺祺汽车贸易有限公司","南平市顺祺汽车贸易有限公司","2025-03-04 18:17:38","2025-03-05 00:53:26","否","395","福建省南平市延平区江滨南路三山江景天城333号2号楼5-7店面","福建省南平市延平区延平区江滨北路177号38号店","展业地址","福建省南平市延平区黄墩街道江滨北路","福建省南平市延平区黄墩街道江滨北路","福建省南平市延平区四鹤街道武夷名仕园11幢"
"华东区","福州分公司","邓翘","郑春秀","金融顾问","DM241224023","福州瀚越汽车贸易有限公司","福州瀚越汽车贸易有限公司","2025-03-04 18:16:01","2025-03-04 18:25:09","是","9","福建省福州市闽侯县祥谦镇枕峰村祥宏北路217号","福建省福州市闽侯县324国道21号靠近福州鑫金福机动车检测站","展业地址","福建省福州市闽侯县324国道21号靠近祥谦陵园","福建省福州市闽侯县033村道21号靠近福州鑫金福机动车检测站","福建省福州市闽侯县033村道21号靠近福州鑫金福机动车检测站"
"华东区","福州分公司","邓翘","张丰","金融顾问","DM230404037","福州创响新能源汽车科技有限公司","福州创响新能源汽车科技有限公司","2025-03-04 18:07:59","2025-03-04 18:22:22","是","14","福建省福州市仓山区城门镇潘墩路190号-560（自贸试验区内）","福建省福州市仓山区福建省福州市仓山区城门镇潘墩路190号-560（自贸试验区内）","展业地址","福建省福州市仓山区高仕路7号C座靠近狮子姐螺蛳粉桂林米粉",NA,NA
"华东区","福州分公司","陈晨(易鑫融资租赁厦门分公司)","吴云生","金融顾问","DM240307140","三明市三元区韬文汽车服务部","三明市三元区韬文汽车服务部","2025-03-04 18:07:31","2025-03-04 18:07:43","否","0","福建省三明市三元区陈大镇德安工业区31-1号","福建省三明市三元区江滨路1778号体育馆3号","展业地址","福建省三明市三元区江滨路1772号靠近三明市博物馆","福建省三明市三元区江滨路1772号靠近三明市博物馆","福建省三明市三元区江滨路1772号靠近三明市博物馆"
"华东区","福州分公司","陈晨(易鑫融资租赁厦门分公司)","苏儒宏","金融顾问","DM220318073","车小六二手车","武夷山骏驰汽车销售服务有限公司","2025-03-04 18:07:16","2025-03-04 18:20:39","是","13","武夷山市武夷大道444号","福建省南平市武夷山市武夷山市武夷大道444号","展业地址","福建省南平市武夷山市五九路与百花路交叉口西280米长城汽车专营店",NA,NA
"华东区","福州分公司","祝新君","李岳华","金融顾问","DM210723007","福安市威锋汽车配件店","福安市威锋汽车配件店","2025-03-04 18:02:26","2025-03-04 18:26:51","是","24","福建省宁德市福安市城南街道天马南路88号天马山庄149D","福建省宁德市福安市福建省宁德市福安市城南街道天马南路88号天马山庄149D","展业地址","福建省宁德市福安市城南街道广场南路201号天马山庄","福建省宁德市福安市天马南路146号靠近国家税务总局福安市税务局","福建省宁德市福安市金山南路与湖滨南路交叉口东北120米南湖花园C区"
"华东区","福州分公司","祝新君","林阿顺","金融顾问","DM241225020","易个车二手车","福州鑫顺通汽车服务有限公司","2025-03-04 17:45:24","2025-03-04 18:00:13","是","14","福建省福州市仓山区城门镇潘墩路12号-3","福建省福州市仓山区海峡奥林匹克体育中心沿海名车A馆","展业地址","福建省福州市仓山区东岭路福州海峡奥林匹克体育中心","福建省福州市仓山区东岭路福州海峡奥林匹克体育中心","福建省福州市仓山区体育场西路福州海峡奥林匹克体育中心"
"华东区","福州分公司","罗鸣健","黄炎英","金融顾问","DM240527011","榕泰红旗盖山店","福州榕泰鸿旗汽车销售有限公司","2025-03-04 17:41:22","2025-03-04 18:07:07","是","25","福建省福州市仓山区盖山投资区高仕路7号福州福达仪表有限公司厂房B第一、二层","福建省福州市仓山区盖山投资区高仕路7号","展业地址","福建省福州市仓山区高仕路7号C座靠近福州福达仪表有限公司","福建省福州市仓山区高仕路8号靠近盖山派出所福州私立平民中学治安岗",NA
"华东区","福州分公司","张炎红","邓翘","金融经理","DM240611038","车诚汇汽车","福建车诚汇汽车销售有限公司","2025-03-04 17:40:26","2025-03-04 19:09:48","是","89","福建省福州市仓山区城门镇潘墩路190号-585（自贸试验区内）","福建省福州市仓山区海峡奥林匹克体育中心（福湾路西）","展业地址","福建省福州市仓山区福湾路辅路16号靠近奥体篮球公园","福建省福州市仓山区福湾路辅路16号靠近奥体篮球公园","福建省福州市台江区西二环南路辅路77号靠近福州东南眼科医院(台江院区)"
"华东区","福州分公司","邓翘","陈晓健","金融顾问","DM231206074","福州易致汽车销售有限公司仓山分公司","福州易致汽车销售有限公司仓山分公司","2025-03-04 17:38:24","2025-03-04 19:35:27","是","117","福建省福州市仓山区金山街道浦上大道272号仓山万达广场A区（A1-A4）1层185商铺","福建省福州市仓山区福建省福州市仓山区金山街道浦上大道272号仓山万达广场A区（A1-A4）1层185商铺","展业地址","福建省福州市仓山区浦上大道辅路947号靠近浦上大道(地铁站)","福建省福州市仓山区浦上大道辅路金山","福建省福州市仓山区金山街道浦上大道辅路万达广场(福州仓山店)"
"华东区","福州分公司","祝新君","陈桂榕","金融顾问","DM210810054","福州家旭汽车维修服务有限公司","福州家旭汽车维修服务有限公司","2025-03-04 17:30:29","2025-03-04 18:50:19","是","79","福建省福州市仓山区建新镇百花洲路41号金山工业集中区浦上片仓山园27号一层B区","福建省福州市仓山区福建省福州市仓山区建新镇百花洲路41号金山工业集中区浦上片仓山园27号一层B区","展业地址","福建省福州市仓山区建新镇百花洲路福州麦顶学园(冠浦路)","福建省福州市仓山区建新镇百花洲路创美商务中心","福建省福州市仓山区建新镇百花洲路创美商务中心"
"华东区","福州分公司","邓翘","邱贵辰","金融顾问","DM240622018","福建莆田大川星宏汽车销售服务有限公司","福建莆田大川星宏汽车销售服务有限公司","2025-03-04 17:27:55","2025-03-04 20:21:56","否","174","福建省仙游县鲤南镇城南东路2288号01栋","福建省莆田市仙游县鲤南镇城南东路2288号01栋","分店","福建省莆田市涵江区国欢西路97号靠近涵江区新涵工业集中区","福建省莆田市涵江区白塘镇智立鞋业警察岗亭福建大川丰田汽车销售服务有限公司","福建省莆田市涵江区凤阳路2399-3号靠近天澜城"
"华东区","福州分公司","邓翘","吴俊瑛","金融顾问","DM240129002","莆田益众","莆田市益众汽车销售服务有限公司","2025-03-04 17:25:30","2025-03-04 18:01:58","是","36","莆田市荔城区西天尾镇龙山村大桥头（龙山村委会内）","福建省莆田市荔城区西天尾镇龙山村大桥头城涵西大道2555号","展业地址","福建省莆田市荔城区龙紫南街60328号靠近大桥头","福建省莆田市荔城区城涵东大道2001号靠近莆田农商银行(大桥头支行)","福建省莆田市荔城区城涵东大道2001号靠近莆田农商银行(大桥头支行)"
"华东区","福州分公司","祝新君","黄礼群","金融顾问","DM231020010","广元二手车2","福州市闽侯广元贸易有限公司","2025-03-04 17:17:33","2025-03-04 22:04:34","是","287","闽侯县尚干镇新榕路1号海峡汽车文化广场汽车超市一层A-103号","福建省福州市闽侯县海峡汽车广场","展业地址","福建省福州市闽侯县104国道1号靠近尚干镇","福建省福州市闽侯县104国道3号靠近海峡汽车文化广场","福建省福州市闽侯县尚干镇海峡汽车文化广场"
"华东区","福州分公司","陈晨(易鑫融资租赁厦门分公司)","吴云生","金融顾问","DM241104060","三明市三丰车业有限公司","三明市三丰车业有限公司","2025-03-04 17:09:46","2025-03-04 17:45:11","是","35","福建省三明市三元区工业南路95号1号楼101室（2号楼一层B区、负一层B区）","福建省三明市三元区福建省三明市三元区工业南路95号1号楼101室（2号楼一层B区、负一层B区）","展业地址","福建省三明市三元区工业南路97号靠近三明交运顺通检测站",NA,NA
"华东区","福州分公司","邓翘","郑正利","金融顾问","DM200313052","聚佳车汽车","福州市仓山区聚佳车汽车信息咨询服务部","2025-03-04 17:05:44","2025-03-04 18:10:32","是","64","福州市仓山区建新镇后巷路33号浦上小区（原金山工业集中区浦上片生活配套房二期）14号楼1层06店面","福建省福州市闽侯县乌龙江南大道99号泰禾红悦A18号楼01店","展业地址","福建省福州市闽侯县南屿镇智慧大道乌龙江大区","福建省福州市闽侯县智慧大道99-1号靠近乌龙江大区A区","福建省福州市闽侯县智慧大道95号靠近乌龙江大区A区"
"华东区","福州分公司","陈晨(易鑫融资租赁厦门分公司)","廖春娣","金融顾问","DM240506024","三明市沙县利诚二手车有限公司","三明市沙县利诚二手车有限公司","2025-03-04 17:05:03","2025-03-04 20:28:42","是","203","福建省三明市沙县区虬江水东路26-1号","福建省三明市沙县福建省三明市沙县区虬江水东路26-1号","展业地址","福建省三明市沙县区水东路24-1号三明汽车城","福建省三明市沙县区虬江街道水东路20-17号三明汽车城","福建省三明市沙县区虬江街道水东路20-17号三明汽车城"
"华东区","福州分公司","陈晨(易鑫融资租赁厦门分公司)","池绯绯","金融顾问","DM230911063","三明市升辰二手车有限公司","三明市升辰二手车有限公司","2025-03-04 17:03:19","2025-03-04 20:09:56","是","186","福建省三明市沙县区虬江水东路12-15号","福建省三明市沙县福建省三明市沙县区虬江水东路12-15号","展业地址","福建省三明市沙县区水东路靠近三明汽车城","福建省三明市沙县区虬江街道水东路30-4号三明汽车城","福建省三明市沙县区虬江街道水东路30-4号三明汽车城"
"华东区","福州分公司","祝新君","欧阳秀琴","金融顾问","DM230911087","福鼎市车源汽车销售部","福鼎市车源汽车销售部","2025-03-04 16:56:16","2025-03-04 18:01:57","是","65","福建省宁德市福鼎市贵昌二手车市场A区28-31号","福建省宁德市福鼎市闽浙二手车市场A区9-11号","展业地址","973县道","福建省宁德市福鼎市973县道973县道","福建省宁德市福鼎市973县道973县道"
"华东区","福州分公司","祝新君","李岳华","金融顾问","DM200611046","宁德市汇享汽车服务有限公司","宁德市汇享汽车服务有限公司","2025-03-04 16:54:58","2025-03-04 17:55:27","是","60","福建省宁德市福安市天马汽车城3幢1号店","福建省宁德市福安市天马汽车城3幢1号店","展业地址","福建省宁德市福安市城南街道广场南路201号天马山庄","福建省宁德市福安市天马南路146号靠近国家税务总局福安市税务局","福建省宁德市福安市天马南路146号靠近国家税务总局福安市税务局"
"华东区","福州分公司","罗鸣健","罗建梅","金融顾问","DM230110039","福州领悦橄榄汽车销售服务有限公司","福州领悦橄榄汽车销售服务有限公司","2025-03-04 16:49:16","2025-03-04 18:43:31","是","114","福建省福州市仓山区城门镇潘墩路190号-532（自贸试验区内）","福建省福州市仓山区龙院路161号白湖亭万达广场","展业地址","福建省福州市仓山区东升街道不要对我尖叫(仓山白湖亭万达店)万达广场(福州白湖亭店)","福建省福州市仓山区集祥天地室内步行街2层2011号集祥天地","福建省福州市仓山区东升街道木马转自助烤肉小火锅(集祥天地店)集祥天地"
"华东区","福州分公司","陈晨(易鑫融资租赁厦门分公司)","吴晓丽","金融顾问","DM240415035","建瓯市隆众汽车销售有限公司","建瓯市隆众汽车销售有限公司","2025-03-04 16:26:27","2025-03-04 18:27:40","是","121","福建省建瓯市东安路3号","福建省南平市建瓯市东安路3号","展业地址","福建省南平市建瓯市曙光路靠近南平中国笋竹城C区","福建省南平市建瓯市曙光路靠近南平中国笋竹城C区","福建省南平市建瓯市建安街道一汽大众建瓯隆众直营店南平风行汽车销售有限公司"
"华东区","福州分公司","祝新君","黄礼群","金融顾问","DM230602002","福州泓宇华物汽车服务有限公司","福州泓宇华物汽车服务有限公司","2025-03-04 16:20:01","2025-03-04 17:17:02","是","57","福建省闽侯县尚干镇新榕路1号E区1座E127","福建省福州市闽侯县尚干镇新榕南路1号","展业地址","福建省福州市闽侯县新榕路1号海峡汽车文化广场超市3层C区海峡汽车文化广场","福建省福州市闽侯县104国道3号靠近海峡汽车文化广场","福建省福州市闽侯县104国道3号靠近海峡汽车文化广场"
"华东区","福州分公司","邓翘","吴俊瑛","金融顾问","DM240117083","华奥智源","莆田华奥智源汽车销售有限公司","2025-03-04 16:19:36","2025-03-04 17:07:18","是","47","福建省莆田市荔城区拱辰街道八二一北街168号","福建省莆田市荔城区福建省莆田市荔城区拱辰街道八二一北街168号","展业地址","福建省莆田市荔城区八二一北街168号靠近1971文创园","福建省莆田市荔城区八二一北街168号靠近1971文创园","福建省莆田市荔城区八二一北街1971号靠近1971文创园"
"华东区","福州分公司","祝新君","张建峰","金融顾问","DM240730008","广源二手车行","宁德市蕉城区城南飞枫信息咨询服务部（个体工商户）","2025-03-04 16:16:23","2025-03-04 18:25:29","是","129","福建省宁德市蕉城区城南镇院岗路2号鼎盛花园8幢111D","福建省宁德市蕉城区东方红二手车交易市场B区","展业地址","福建省宁德市蕉城区和畅路与光明路交叉口西60米东方红建材城","福建省宁德市蕉城区闽东东路b区靠近浩轩家具工厂店","福建省宁德市蕉城区漳湾镇兰田村龙沙滩二弄82号众安民宿(瑞云路分店)"
"华东区","福州分公司","张炎红","罗鸣健","金融经理","DM241127006","福建鑫界汽车销售服务有限公司","福建鑫界汽车销售服务有限公司","2025-03-04 16:09:30","2025-03-04 17:35:09","是","85","福建省福州市仓山区潘墩路88号-1","福建省福州市仓山区潘墩路88号-1","展业地址","福建省福州市仓山区潘墩路68号靠近城门镇政府干部教师楼","福建省福州市仓山区潘墩路88号靠近城门镇政府干部教师楼","福建省福州市仓山区阳歧路113号靠近恒发楼"
"华东区","福州分公司","罗鸣健","方建荣","金融顾问","DM221024079","宁德盛融汽车服务有限公司","宁德盛融汽车服务有限公司","2025-03-04 16:09:27","2025-03-04 18:19:30","是","130","福建省宁德市蕉城区蕉城南路94-5号","福建省宁德市蕉城区蕉城区蕉城南路94-5号","展业地址","福建省宁德市蕉城区城南镇沫黎传媒泓源国际","福建省宁德市蕉城区城南镇蕉城南路94-1号泓源国际","福建省宁德市蕉城区城南镇蕉城南路94-1号泓源国际"
"华东区","福州分公司","陈晨(易鑫融资租赁厦门分公司)","康礼青","金融顾问","DM210807014","南平市建阳区鸿运汽车信息服务部","南平市建阳区鸿运汽车信息服务部","2025-03-04 16:09:21","2025-03-04 20:56:28","是","287","南平市建阳区嘉禾北路1221-105号","福建省南平市建阳市嘉禾北路3787号靠近滨江壹号","展业地址","福建省南平市建阳区嘉禾北路3787号靠近滨江壹号","福建省南平市建阳区崇泰街道嘉禾北路滨江壹号","福建省南平市建阳区崇泰街道崇阳北路4548号滨江壹号"
"华东区","福州分公司","邓翘","陈晓健","金融顾问","DM230602036","福州市福清埃安汽车销售服务有限公司","福州市福清埃安汽车销售服务有限公司","2025-03-04 16:08:23","2025-03-04 16:48:51","是","40","福建省福清市石竹高仑村融侨经济技术开发区福建省天海东方食品集团有限公司5号厂房整座6号厂房整座","福建省福州市福清市石竹高仑村融侨经济技术开发区福建省天海东方食品集团有限公司5号厂房整座6号厂房整座","展业地址","福建省福州市福清市福玉路28号靠近福清康达驾校(宏路校区)",NA,"福建省福州市福清市福玉路18-11号靠近宏旺家具(霞河店)"
"华东区","福州分公司","邓翘","郑正利","金融顾问","DM220303044","福建皓晨汽车","福建皓晨汽车销售服务有限公司","2025-03-04 16:06:30","2025-03-04 16:22:39","是","16","福建省福州市福清市石竹街道龙塘村松尾埔3号一层店面","福建省福州市仓山区黄山公交站（福峡路西）","展业地址","福建省福州市仓山区福峡路11号靠近黄山(地铁站)","福建省福州市仓山区福峡路11-18号靠近黄山(地铁站)","福建省福州市仓山区福峡路11-18号靠近黄山(地铁站)"
"华东区","福州分公司","陈晨(易鑫融资租赁厦门分公司)","吴云生","金融顾问","DM240325086","三明玖玖丰田汽车销售服务有限公司","三明玖玖丰田汽车销售服务有限公司","2025-03-04 16:04:35","2025-03-04 16:26:33","是","21","三明市三元区大坂工业园区","福建省三明市三元区三明市三元区大坂工业园区","展业地址","福建省三明市三元区长深高速三明连接线2号靠近大坂工业园","福建省三明市三元区大坂一路3号靠近三明玖玖丰田汽车销售服务有限公司","福建省三明市三元区白沙街道长深高速三明连接线三明玖玖丰田汽车销售服务有限公司"
"华东区","福州分公司","祝新君","黄晓镇","金融顾问","DM240320022","友车网二手车","福州友车网汽车贸易有限公司","2025-03-04 16:01:21","2025-03-04 18:59:48","是","178","福建省福州市仓山区盖山镇齐安路769号利嘉国际商贸城9号馆一层101号商铺","福建省福州市仓山区齐安路利嘉汽车成","展业地址","福建省福州市仓山区仁山路54号靠近利嘉国际商业城11号馆","福建省福州市仓山区盖山镇旱天溜冰场利嘉国际商业城","福建省福州市仓山区盖山镇旱天溜冰场利嘉国际商业城"
"华东区","福州分公司","罗鸣健","邓智琴","金融顾问","DM0000005028","福州长安汽车销售有限公司","福州长安汽车销售有限公司","2025-03-04 15:59:24","2025-03-04 18:03:10","是","123","福州市闽侯县尚干镇祥通路11-2号","福建省福州市仓山区南三环路118号榕泰新能源汽车小镇安德大厦旁边","展业地址","福建省福州市仓山区南三环路2-13号靠近安德大厦","福建省福州市仓山区南三环路2-13号靠近安德大厦","福建省福州市仓山区大浦路2-13号靠近海西·佰悦城"
"华东区","福州分公司","罗鸣健","黄炎英","金融顾问","DM200927025","福州仓山埃安汽车销售服务有限公司","福州仓山埃安汽车销售服务有限公司","2025-03-04 15:59:10","2025-03-04 16:32:33","是","33","福建省福州市仓山区高旺路6号研发中心一楼","福建省福州市仓山区高旺路6号吉诺汽车城","展业地址","福建省福州市仓山区盖山镇吉诺学院","福建省福州市仓山区高旺路7号靠近桔子公寓","福建省福州市仓山区高旺路7号靠近桔子公寓"
"华东区","福州分公司","邓翘","谢文武","金融顾问","DM250213030","莆田市幻影汽车有限公司","莆田市幻影汽车有限公司","2025-03-04 15:57:57","2025-03-04 18:57:49","是","179","福建省莆田市涵江区白塘镇埭里村城涵西大道3288号","福建省莆田市涵江区福建省莆田市涵江区白塘镇埭里村城涵西大道3288号","展业地址","福建省莆田市涵江区城涵东大道3288号靠近欧米加鞋厂","福建省莆田市涵江区城涵东大道3288号靠近欧米加鞋厂",NA
"华东区","福州分公司","罗鸣健","黄炎英","金融顾问","DM0000015409","福建宏文阳光新能源汽车有限公司","福建宏文阳光新能源汽车有限公司","2025-03-04 15:52:34","2025-03-04 15:58:33","是","5","福建省福州市仓山区高旺路6号一层","福建省福州市仓山区福建省福州市仓山区高台路","展业地址","福建省福州市仓山区盖山镇高旺路吉诺学院","福建省福州市仓山区高旺路7号靠近桔子公寓","福建省福州市仓山区高旺路7号靠近桔子公寓"
"华东区","福州分公司","陈晨(易鑫融资租赁厦门分公司)","池绯绯","金融顾问","DM240613016","三明市强盛汽车销售服务有限公司","三明市强盛汽车销售服务有限公司","2025-03-04 15:43:17","2025-03-04 16:38:54","是","55","福建省三明市三元区陈大镇德安工业区16号一层1-2号展厅","福建省三明市三元区福建省三明市三元区陈大镇德安工业区16号一层1-2号展厅","展业地址","福建省三明市三元区东乾二路56号靠近三明市梅列区陈大镇德安工业区","福建省三明市三元区陈大镇德安工业区15号一层翁墩物流工业园",NA
"华东区","福州分公司","罗鸣健","黄炎英","金融顾问","DM240328032","福建吉诺佳宏汽车有限公司（eπ）","福建吉诺佳宏汽车有限公司","2025-03-04 15:33:08","2025-03-04 15:41:27","是","8","福州市仓山区则徐大道葫芦阵村","福建省福州市仓山区则徐大道葫芦阵村","展业地址","福建省福州市仓山区则徐大道383号靠近汉庭酒店(福州葫芦阵地铁站店)","福建省福州市仓山区则徐大道598号靠近葫芦阵(地铁站)","福建省福州市仓山区则徐大道598号靠近葫芦阵(地铁站)"
"华东区","福州分公司","罗鸣健","罗建梅","金融顾问","DM220508017","福建吉诺富豪汽车贸易有限公司","福建吉诺富豪汽车贸易有限公司","2025-03-04 15:30:54","2025-03-04 15:51:46","是","20","福州市仓山区盖山镇则徐大道625号","福建省福州市仓山区盖山镇则徐大道625号","展业地址","福建省福州市仓山区盖山镇北京现代福州中诺店","福建省福州市仓山区则徐大道625号则徐大道625号","福建省福州市仓山区则徐大道则徐大道"
"华东区","福州分公司","邓翘","黄梅","金融顾问","DM240416086","莆田大川艾卡汽车销售服务有限公司","莆田大川艾卡汽车销售服务有限公司","2025-03-04 15:25:12","2025-03-04 18:02:22","是","157","福建省莆田市涵江区白塘镇埭里村滨海大道1号","福建省莆田市涵江区福建省莆田市涵江区白塘镇埭里村滨海大道1号","展业地址","福建省莆田市涵江区国欢西路97号靠近涵江区新涵工业集中区","福建省莆田市涵江区国欢西路97号靠近涵江区新涵工业集中区","福建省莆田市涵江区国欢西路97号靠近下黄"
"华东区","福州分公司","罗鸣健","邓智琴","金融顾问","DM240924091","福清鑫万嘉丰瑞汽车销售有限公司","福清鑫万嘉丰瑞汽车销售有限公司","2025-03-04 15:09:19","2025-03-04 15:47:03","是","37","福建省福清市石竹跃进村16号清华物流园3号楼","福建省福州市福清市石竹跃进村16号清华物流园3号楼","展业地址","福建省福州市仓山区则徐大道598号靠近葫芦阵(地铁站)","福建省福州市仓山区则徐大道598号靠近葫芦阵(地铁站)","福建省福州市仓山区则徐大道598号靠近葫芦阵(地铁站)"
"华东区","福州分公司","祝新君","陈桂榕","金融顾问","DM220220024","福州市仓山区车小二汽车信息咨询服务有限公司","福州市仓山区车小二汽车信息咨询服务有限公司","2025-03-04 15:09:07","2025-03-04 16:26:18","是","77","福建省福州市仓山区建新镇闽江大道128号香江明珠（现名香江花园）52号楼1层04店面","福建省福州市闽侯县福建省福州市闽侯县尚干镇新榕路海峡汽车文化广场","展业地址","福建省福州市闽侯县尚干镇新榕路海峡汽车文化广场","福建省福州市闽侯县尚干镇新榕路1号海峡汽车文化广场","福建省福州市闽侯县尚干镇新榕路1号海峡汽车文化广场"
"华东区","福州分公司","罗鸣健","方建荣","金融顾问","DM190719017","宁德市久金商贸有限公司","宁德市久金商贸有限公司","2025-03-04 15:03:35","2025-03-04 15:59:25","是","55","福建省宁德市蕉城区荷园新村72号301室","福建省宁德市蕉城区宁川南路2-8号靠近夏威大厦","展业地址","福建省宁德市蕉城区宁川南路2-8号靠近夏威大厦","福建省宁德市蕉城区宁川南路2-9号靠近夏威大厦","福建省宁德市蕉城区宁川南路2-9号靠近夏威大厦"
"华东区","福州分公司","张炎红","祝新君","金融经理","DM250214004","福州市仓山区叁陆伍信息咨询服务部","福州市仓山区叁陆伍信息咨询服务部","2025-03-04 14:59:45","2025-03-04 15:23:19","是","23","福建省福州市仓山区盖山镇齐安路769号利嘉国际商贸城9号馆负一层188商铺","福建省福州市仓山区利嘉汽车城负二楼","展业地址","福建省福州市仓山区仁山路7-1号靠近268V汽车检测服务中心","福建省福州市仓山区仁山路与仁山支路交叉口东南180米利嘉国际商业城","福建省福州市仓山区仁山路与仁山支路交叉口东南180米利嘉国际商业城"
"华东区","福州分公司","罗鸣健","黄丽钗","金融顾问","DM230418024","福州聚禧汽车销售有限公司","福州聚禧汽车销售有限公司","2025-03-04 14:57:21","2025-03-04 16:35:38","是","98","福建省福州市仓山区盖山投资区高台路8-1号1层101","福建省福州市仓山区海西佰悦城长安4s店","展业地址","福建省福州市仓山区南三环路118号靠近海西·佰悦城","福建省福州市仓山区南三环路与福峡路交叉口西南240米海西·佰悦城","福建省福州市仓山区城门镇安悦中心榕泰新能源汽车小镇"
"华东区","福州分公司","陈晨(易鑫融资租赁厦门分公司)","苏儒宏","金融顾问","DM220206001","武夷山市鸿旺二手车中介所","武夷山市鸿旺二手车中介所","2025-03-04 14:51:26","2025-03-04 18:05:26","是","194","武夷山市清献大道221号","福建省南平市武夷山市武夷山市清献大道221号","展业地址","福建省南平市武夷山市济川西路与清献大道交叉口西北100米车众汽车服务站","福建省南平市武夷山市崇安街道清献大道424号江山名筑","福建省南平市武夷山市崇安街道清献大道424号江山名筑"
"华东区","福州分公司","邓翘","谢文武","金融顾问","DM231128021","莆田恺顺汽车销售服务有限公司","莆田恺顺汽车销售服务有限公司","2025-03-04 14:50:57","2025-03-04 15:55:16","是","64","福建省莆田市荔城区西天尾镇澄渚社区庙前999号","福建省莆田市荔城区福建省莆田市荔城区西天尾镇澄渚社区庙前999号","展业地址","福建省莆田市荔城区城涵东大道3355号靠近莆田市成进鞋业","福建省莆田市荔城区城涵东大道3355号靠近莆田市成进鞋业","福建省莆田市荔城区城涵东大道3355号靠近莆田市成进鞋业"
"华东区","福州分公司","张炎红","陈晨(易鑫融资租赁厦门分公司)","金融经理","DM240506024","三明市沙县利诚二手车有限公司","三明市沙县利诚二手车有限公司","2025-03-04 14:35:49",NA,"否","0","福建省三明市沙县区虬江水东路26-1号","福建省三明市沙县福建省三明市沙县区虬江水东路26-1号","展业地址","福建省三明市沙县区水东路24-1号三明汽车城","福建省三明市沙县区水东路20-7号三明汽车城",NA
"华东区","福州分公司","张炎红","祝新君","金融经理","DM210812128","福建富力汽车销售有限公司（星辰名车）","福建富力汽车销售有限公司","2025-03-04 14:32:30","2025-03-04 14:59:20","是","26","福州市马尾区港口路贸盛大厦2#楼BX06东写字楼688室（自贸试验区内）","福建省福州市仓山区仁山路7-1号靠近利嘉国际商业城","展业地址","福建省福州市仓山区盖山镇天水路北侧海峡商业城9号馆负一层编号105利嘉国际商业城","福建省福州市仓山区齐安路利嘉国际商业城9号馆负一层中央广场利嘉国际商业城","福建省福州市仓山区仁山路与仁山支路交叉口东南180米利嘉国际商业城"
"华东区","福州分公司","邓翘","谢文武","金融顾问","DM200527023","莆田市汇城达汽车贸易有限公司","莆田市汇城达汽车贸易有限公司","2025-03-04 14:16:33","2025-03-04 14:49:07","是","32","福建省莆田市荔城区西天尾镇龙山村大桥头32号","福建省莆田市荔城区福建省莆田市荔城区西天尾镇龙山村大桥头32号","展业地址","福建省莆田市荔城区城涵东大道3001正靠近莆田市成进鞋业","福建省莆田市荔城区城涵东大道3355号靠近莆田市成进鞋业","福建省莆田市荔城区城涵东大道3355号靠近莆田市成进鞋业"
"华东区","福州分公司","罗鸣健","黄巧艳(易鑫融资租赁福州分公司-金融顾问)","金融顾问","DM220112056","宁德市华强丰田汽车销售服务有限公司","宁德市华强丰田汽车销售服务有限公司","2025-03-04 14:11:00","2025-03-04 14:53:53","是","42","宁德市东侨经济开发区工业路5号","福建省宁德市蕉城区工业路5号","展业地址","福建省宁德市蕉城区七都镇工业北路宁德市华强丰田汽车销售服务有限公司","福建省宁德市蕉城区工业北路5号靠近新中远科技","福建省宁德市蕉城区工业北路5号工业北路5号"
"华东区","福州分公司","罗鸣健","黄丽钗","金融顾问","DM210629035","福州厚元汽车服务有限公司","福州厚元汽车服务有限责任公司","2025-03-04 13:57:58","2025-03-04 14:52:09","是","54","福建省福州市闽侯县尚干镇良安路20号1#办公楼等7幢房屋","福建省福州市闽侯县尚干镇良安路20号1#办公楼7幢房屋","其他","福建省福州市仓山区大浦路6号靠近海西·佰悦城","福建省福州市仓山区南三环路与福峡路交叉口西南240米海西·佰悦城","福建省福州市仓山区南三环路与福峡路交叉口西南240米海西·佰悦城"
"华东区","福州分公司","张炎红","罗鸣健","金融经理","DM230418024","福州聚禧汽车销售有限公司","福州聚禧汽车销售有限公司","2025-03-04 13:57:27","2025-03-04 16:00:10","是","122","福建省福州市仓山区盖山投资区高台路8-1号1层101","福建省福州市仓山区海西佰悦城长安4s店","展业地址","福建省福州市仓山区南三环路118号靠近海西·佰悦城","福建省福州市仓山区南三环路386号靠近海西·佰悦城","福建省福州市仓山区南三环路62号靠近螺洲派出所"
"华东区","福州分公司","罗鸣健","陈剑峰","金融顾问","DM000009491","福州新汇诚","福州新汇诚汽车销售有限公司","2025-03-04 13:55:57","2025-03-04 15:20:35","是","84","福建省福州市仓山区城门镇刀石山路8号6号楼一、二层","福建省福州市仓山区福州市仓山区天水路利嘉亚太汽配城","展业地址","福建省福州市仓山区天水路利嘉亚太汽配城(齐安路店)","福建省福州市仓山区天水路769号靠近创丰园","福建省福州市仓山区天水路769号靠近创丰园"
"华东区","福州分公司","罗鸣健","方建荣","金融顾问","DM240428087","宁德丰瑞达汽车销售服务有限公司","宁德丰瑞达汽车销售服务有限公司","2025-03-04 13:44:13","2025-03-04 14:10:27","是","26","福建省宁德市东侨经济开发区疏港路19号1幢1号","福建省宁德市蕉城区福建省宁德市东侨经济开发区疏港路19号1幢1号","展业地址","福建省宁德市蕉城区疏港路19号靠近赤鉴湖公园","福建省宁德市蕉城区郑岐路27号靠近西陂塘派出所锂电池新能源景区警务室(警企巡防队赤鉴湖巡防点)","福建省宁德市蕉城区郑岐路25号靠近西陂塘派出所锂电池新能源景区警务室(警企巡防队赤鉴湖巡防点)"
"华东区","福州分公司","罗鸣健","黄丽钗","金融顾问","DM220411040","福建榕盛万事达汽车销售有限公司","福建榕盛万事达汽车销售有限公司","2025-03-04 13:32:05","2025-03-04 13:57:29","是","25","福建省福州开发区君竹路83号科技发展中心大楼第五层Z598室（自贸试验区内）","福建省福州市仓山区城门镇大浦路12号榕泰新能源小镇内","展业地址","福建省福州市仓山区福峡路71号海西·佰悦城","福建省福州市仓山区南三环路与福峡路交叉口西南240米海西·佰悦城","福建省福州市仓山区南三环路与福峡路交叉口西南240米海西·佰悦城"
"华东区","福州分公司","张炎红","祝新君","金融经理","DM250214010","福州良程汽车信息咨询有限公司","福州良程汽车信息咨询有限公司","2025-03-04 13:31:54","2025-03-04 14:32:11","是","60","福建省福州市仓山区盖山镇齐安路769号利嘉国际商贸城9号馆负二层130号商铺","福建省福州市仓山区利嘉汽车城负二楼","展业地址","福建省福州市仓山区仁山路7-1号靠近268V汽车检测服务中心","福建省福州市仓山区仁山路与仁山支路交叉口东南180米利嘉国际商业城","福建省福州市仓山区齐安路利嘉国际商业城9号馆负一层中央广场利嘉国际商业城"
"华东区","福州分公司","邓翘","郑春秀","金融顾问","DM190521049","福建省国友汽车销售服务有限公司","福建省国友汽车销售服务有限公司","2025-03-04 13:30:33","2025-03-04 14:03:01","是","32","福建省福州市闽侯县祥谦镇枕峰村祥宏北路236号","福建省福州市闽侯县祥谦镇枕峰村祥宏北路236号","展业地址","福建省福州市闽侯县祥谦镇324国道","福建省福州市闽侯县324国道21号靠近枕峰村","福建省福州市闽侯县324国道21号靠近枕峰村"
"华东区","福州分公司","祝新君","林阿顺","金融顾问","DM240320040","华宇传媒","福州市鼓楼区云通汽车信息咨询服务部（个体工商户）","2025-03-04 13:02:09","2025-03-04 14:39:14","是","97","福建省福州市鼓楼区温泉街道金泉路20号馨泉公寓1#楼1层05店面-C002","福建省福州市仓山区潘墩路海峡汽车交易市场","展业地址","福建省福州市仓山区福峡路176号福峡路176号","福建省福州市仓山区福峡路180号福峡路180号","福建省福州市仓山区福峡路180号福峡路180号"
"华东区","福州分公司","邓翘","高云","金融顾问","DM210629035","福州厚元汽车服务有限公司","福州厚元汽车服务有限责任公司","2025-03-04 12:41:05","2025-03-04 13:29:53","是","48","福建省福州市闽侯县尚干镇良安路20号1#办公楼等7幢房屋","福建省福州市闽侯县尚干镇良安路20号1#办公楼7幢房屋","展业地址","福建省福州市闽侯县尚干镇良安路20号","福建省福州市闽侯县良安路20号靠近蓝脚盛工业区","福建省福州市闽侯县良安路14号靠近蓝脚盛工业区"
"华东区","福州分公司","祝新君","林阿顺","金融顾问","DM240412019","万众二手车","福州市鼓楼区艺恒汽车信息咨询服务部","2025-03-04 12:29:23","2025-03-04 13:01:35","是","32","福建省福州市鼓楼区洪山镇黎明街15号金明苑6#楼1层08店面","福建省福州市仓山区潘墩路旧海峡汽车交易市场","展业地址","福建省福州市仓山区福峡路180号福峡路180号","福建省福州市仓山区福峡路178号福峡路178号","福建省福州市仓山区福峡路184号华骏福特4S店"
"华东区","福州分公司","邓翘","黄梅","金融顾问","DM220120061","步峰吉利","福建省步峰汽车贸易有限公司","2025-03-04 12:22:38","2025-03-04 14:15:41","是","113","莆田市涵江区白塘镇埭里村（智舟高新技术园内）","福建省莆田市涵江区白塘镇埭里村（智舟高新技术园内）","展业地址","福建省莆田市涵江区白塘镇国欢西路","福建省莆田市涵江区国欢西路99号靠近下黄","福建省莆田市涵江区国欢西路97号靠近下黄"
"华东区","福州分公司","邓翘","高云","金融顾问","DM240117077","福建华奥智源汽车销售有限公司","福建华奥智源汽车销售有限公司","2025-03-04 12:01:49","2025-03-04 12:39:57","是","38","福建省福州市闽侯县尚干镇良安路20号","福建省福州市闽侯县尚干镇良安路20号","展业地址","福建省福州市闽侯县尚干镇祥通路40号福建榕泰唯星汽车产业有限公司","福建省福州市闽侯县良安路20号靠近福州天鑫产业园","福建省福州市闽侯县良安路14号靠近福州天鑫产业园"
"华东区","福州分公司","罗鸣健","黄巧艳(易鑫融资租赁福州分公司-金融顾问)","金融顾问","DM230928027","宁德市嘉信行汽车销售有限公司","宁德市嘉信行汽车销售有限公司","2025-03-04 12:01:24","2025-03-04 12:37:07","是","35","福建省宁德市蕉城区城南镇院岗路1号2幢现代4S店","福建省宁德市蕉城区福建省宁德市蕉城区城南镇院岗路1号2幢现代4S店","展业地址","福建省宁德市蕉城区院岗路83号靠近鸿福豪门","福建省宁德市蕉城区院岗路1号靠近鸿福豪门","福建省宁德市蕉城区院岗路1号靠近鸿福豪门"
"华东区","福州分公司","罗鸣健","黄巧艳(易鑫融资租赁福州分公司-金融顾问)","金融顾问","DM231210015","宁德整点车新能源技术有限公司","宁德整点车新能源技术有限公司","2025-03-04 11:21:56","2025-03-04 11:31:41","是","9","福建省宁德市东侨经济开发区福宁南路2号金港名都E区2幢103D","福建省宁德市蕉城区福建省宁德市东侨经济开发区福宁南路2号金港名都E区2幢103D","展业地址","福建省宁德市蕉城区福宁南路2号靠近金港名都E区","福建省宁德市蕉城区福宁南路2号靠近金港名都E区","福建省宁德市蕉城区福宁南路2号靠近金港名都E区"
"华东区","福州分公司","陈晨(易鑫融资租赁厦门分公司)","廖春娣","金融顾问","DM211009022","沙县易通二手车贸易有限公司","沙县易通二手车贸易有限公司","2025-03-04 11:18:53","2025-03-04 17:04:11","是","345","福建省三明市沙县区虬江水东路12-15号","福建省三明市沙县福建省三明市沙县区虬江水东路12-15号","展业地址","福建省三明市沙县区金古园开发区水东路三明汽车城","福建省三明市沙县区虬江街道水东路30-4号三明汽车城","福建省三明市沙县区虬江街道水东路30-4号三明汽车城"
"华东区","福州分公司","祝新君","欧阳秀琴","金融顾问","DM230830005","车之城二手车","福鼎市益铭汽车贸易有限公司","2025-03-04 11:11:21","2025-03-04 16:55:56","是","344","福建省宁德市福鼎市星火路18号车集汇一楼","福建省宁德市福鼎市闽浙二手车交易市场","展业地址","福建省宁德市福鼎市973县道973县道","福建省宁德市福鼎市973县道973县道","福建省宁德市福鼎市973县道973县道"
"华东区","福州分公司","祝新君","黄礼群","金融顾问","DM240920025","福建奇瑞奇祥汽车销售服务有限公司","福建奇瑞奇祥汽车销售服务有限公司","2025-03-04 11:10:46","2025-03-04 16:18:34","是","307","福建省福州市闽侯县尚干镇新榕路1号汽车超市二层C区C204-C223","福建省福州市闽侯县福建省福州市闽侯县尚干镇新榕路1号汽车超市二层C区C204-C223","展业地址","福建省福州市闽侯县104国道104国道","福建省福州市闽侯县104国道3号靠近尚干镇","福建省福州市闽侯县104国道3号靠近海峡汽车文化广场"
"华东区","福州分公司","张炎红","祝新君","金融经理","DM240813100","稻田二手车","福州车车二手车经销有限公司","2025-03-04 11:08:00","2025-03-04 13:31:33","是","143","福建省福州市闽侯县尚干镇新荣路1号海峡汽车文化广场一期汽车超市四层C区C409","福建省福州市仓山区高旺路8号盖山汽车产业园","展业地址","福建省福州市仓山区高兴路8号靠近盖山汽车产业园","福建省福州市仓山区高兴路47号高兴路47号","福建省福州市仓山区仁山路7-1号利嘉国际商业城"
"华东区","福州分公司","陈晨(易鑫融资租赁厦门分公司)","吴云生","金融顾问","DM241031009","三明市奕瑞汽车销售服务有限公司","三明市奕瑞汽车销售服务有限公司","2025-03-04 11:06:00","2025-03-04 11:48:47","是","42","福建省三明市三元区陈大镇德安工业区9号1幢","福建省三明市三元区福建省三明市三元区陈大镇德安工业区9号1幢","展业地址","福建省三明市三元区双拥路56号靠近三明市计量所","福建省三明市三元区陈大镇三明成捷捷达体验店三明市计量所","福建省三明市三元区陈大镇三明成捷捷达体验店三明市计量所"
"华东区","福州分公司","祝新君","林阿顺","金融顾问","DM230426018","福州市鼓楼区浙鸿汽车信息咨询服务部","福州市鼓楼区浙鸿汽车信息咨询服务部","2025-03-04 11:05:59","2025-03-04 11:30:09","是","24","福建省福州市鼓楼区鼓东街道五四路162号新华福广场1#、2#连体楼5层23室-A","福建省福州市仓山区齐安路利嘉汽车城负二楼","展业地址","福建省福州市仓山区仁山路52号利嘉国际商业城","福建省福州市仓山区仁山路7-1号利嘉国际商业城","福建省福州市仓山区仁山路58号利嘉11号馆负二层利嘉国际商业城"
"华东区","福州分公司","邓翘","吴俊瑛","金融顾问","DM230203022","莆田美达","莆田美达汽车销售服务有限公司","2025-03-04 10:53:22","2025-03-04 11:27:18","是","33","福建省莆田市涵江区白塘镇城涵东大道707号","福建省莆田市涵江区白塘镇埭里村城涵西大道3338号","展业地址","福建省莆田市涵江区白塘镇城涵东大道欣嘉实业","福建省莆田市涵江区城涵东大道3347号靠近欣嘉实业","福建省莆田市涵江区城涵东大道3347号靠近欣嘉实业"
"华东区","福州分公司","罗鸣健","黄巧艳(易鑫融资租赁福州分公司-金融顾问)","金融顾问","DM240408022","宁德市嘉驰汽车贸易有限公司","宁德市嘉驰汽车贸易有限公司","2025-03-04 10:47:43","2025-03-04 11:18:24","是","30","福建省宁德市蕉城区青山路15-15号","福建省宁德市蕉城区福建省宁德市蕉城区青山路15-15号","展业地址","福建省宁德市蕉城区北澳路8号靠近宁德汽车南站","福建省宁德市蕉城区万安西路8号靠近宁德汽车南站","福建省宁德市蕉城区站前路和G15沈海高速站前路入口的交叉口附近宁德汽车南站"
"华东区","福州分公司","罗鸣健","陈剑峰","金融顾问","DM221124026","福州厚沣汽车销售有限公司","福州厚沣汽车销售有限公司","2025-03-04 10:46:43","2025-03-04 11:54:09","是","67","福建省福州市仓山区盖山镇齐安路765号2号楼厂房北侧2单元","福建省福州市仓山区福建省福州市仓山区仁山支路779号靠近创丰园","展业地址","福建省福州市仓山区仁山支路与齐安路交叉口东南20米创丰园","福建省福州市仓山区齐安路778-1号靠近创丰园","福建省福州市仓山区齐安路765号靠近创丰园"
"华东区","福州分公司","邓翘","郑正利","金融顾问","DM231206049","嘉禾良车","嘉禾良车（福州）新能源汽车有限公司","2025-03-04 10:36:10","2025-03-04 11:34:41","是","58","福建省福州市仓山区螺洲镇店前村1号楼213室","福建省福州市仓山区创想中心6楼696","展业地址","福建省福州市仓山区仁山支路765号靠近创丰园","福建省福州市仓山区仁山路1号靠近创丰园","福建省福州市仓山区仁山支路765号靠近创丰园"
"华东区","福州分公司","邓翘","谢文武","金融顾问","DM231201043","莆田市芸杰汽车服务有限公司","莆田市芸杰汽车服务有限公司","2025-03-04 10:33:34","2025-03-04 14:15:11","是","221","福建省莆田市荔城区西天尾镇城涵西大道1789号","福建省莆田市荔城区莆田市荔城区西天尾镇城涵西大道1789号","展业地址","福建省莆田市荔城区城涵西大道1819号靠近莆田荔园工业区","福建省莆田市荔城区城涵西大道1819号靠近溪安","福建省莆田市荔城区西天尾镇城涵大道1445号至诚汽车"
"华东区","福州分公司","陈晨(易鑫融资租赁厦门分公司)","吴晓丽","金融顾问","DM190719028","南平佳腾汽车贸易有限公司","南平佳腾汽车贸易有限公司","2025-03-04 10:25:47","2025-03-04 13:52:23","是","206","福建省建瓯市东安路4号","福建省南平市建瓯市福建省建瓯市东安路4号","展业地址","福建省南平市建瓯市建安街道福建美亚福汽车销售服务有限公司","福建省南平市建瓯市曙光路靠近比亚迪汽车王朝网(南平万佰兴4S店)","福建省南平市建瓯市曙光路靠近比亚迪汽车王朝网(南平万佰兴4S店)"
"华东区","福州分公司","邓翘","黄梅","金融顾问","DM190403048","莆田市大长江汽车销售服务有限公司","莆田市大长江汽车销售服务有限公司","2025-03-04 10:23:36","2025-03-04 12:13:03","是","109","莆田市荔城区西天尾镇龙山村（福厦路99公里处）","福建省莆田市荔城区西天尾镇龙山村（福厦路99公里处）","展业地址","福建省莆田市荔城区西天尾镇城涵西大道","福建省莆田市荔城区城涵西大道2049号靠近双洋","福建省莆田市荔城区少林南街2039号靠近中共荔城区长江门诊部支部委员会"
"华东区","福州分公司","邓翘","郑春秀","金融顾问","DM250220057","福州森帝汽车销售服务有限公司","福州森帝汽车销售服务有限公司","2025-03-04 10:20:32","2025-03-04 10:43:28","是","22","福建省福州市闽侯县祥谦镇枕峰村祥宏北路238号","福建省福州市闽侯县福建省福州市闽侯县祥谦镇枕峰村祥宏北路238号","展业地址","福建省福州市闽侯县324国道21号靠近枕峰村","福建省福州市闽侯县324国道21号靠近枕峰村","福建省福州市闽侯县324国道21号靠近枕峰村"
"华东区","福州分公司","张炎红","祝新君","金融经理","DM240424149","小煌车业","福州市仓山区小煌汽车销售有限公司","2025-03-04 10:13:02","2025-03-04 11:07:43","是","54","福建省福州市仓山区盖山投资区高台路8号1#楼1-211、1-212","福建省福州市仓山区盖山投资区高台路8号1#楼1-211、1-212","展业地址","福建省福州市仓山区高兴路47号高兴路47号","福建省福州市仓山区高兴路47号高兴路47号","福建省福州市仓山区高兴路47号高兴路47号"
"华东区","福州分公司","罗鸣健","陈剑峰","金融顾问","DM240506047","福州诺奕新能源汽车销售服务有限公司","福州诺奕新能源汽车销售服务有限公司","2025-03-04 10:08:50","2025-03-04 10:45:58","是","37","福建省福州市仓山区盖山镇齐安路765号利嘉国际商业城（原海峡鞋城）1号楼一层、二层","福建省福州市仓山区齐安路765号创丰园内","展业地址","福建省福州市仓山区齐安路齐安路","福建省福州市仓山区齐安路778-14号靠近创丰园","福建省福州市仓山区齐安路778-1号靠近创丰园"
"华东区","福州分公司","陈晨(易鑫融资租赁厦门分公司)","吴云生","金融顾问","DM241018035","三明力远汽车服务有限公司（天勤汽车）","三明力远汽车服务有限公司","2025-03-04 10:05:42","2025-03-04 10:41:55","是","36","福建省三明市梅列区乾龙新村229幢（闽中汽车城综合办公区）3层304","福建省三明市三元区东乾二路69号中梁壹号院地下负3层","展业地址","福建省三明市三元区银锭路40-2号靠近富力爱丁堡","福建省三明市三元区东乾三路40-2号靠近富力爱丁堡",NA
"华东区","福州分公司","邓翘","邱贵辰","金融顾问","DM200413002","莆田市小椰子汽车服务有限公司","莆田市小椰子汽车服务有限公司","2025-03-04 10:05:08","2025-03-04 17:26:27","是","441","福建省莆田市荔城区拱辰街道尚勤街1999号御园小区11号楼1801室","福建省莆田市涵江区白塘镇国欢西路滨海大道23号","展业地址","福建省莆田市涵江区白塘镇国欢西路","福建省莆田市涵江区白塘镇国欢西路成兴实业","福建省莆田市涵江区国欢西路99号靠近下黄"
"华东区","福州分公司","邓翘","郑正利","金融顾问","DM210112017","祥泰奔腾","福州祥泰汽车销售服务有限公司","2025-03-04 10:03:18","2025-03-04 10:35:41","是","32","福建省福州市仓山区盖山镇齐安路769号利嘉国际商业城（原海峡鞋城）C区4号厂房","福建省福州市仓山区盖山镇齐安路769号新榕泰汽车城","展业地址","福建省福州市仓山区盖山镇天水路1号利嘉亚太汽配城(齐安路店)","福建省福州市仓山区仁山路1号靠近创丰园","福建省福州市仓山区仁山路1号靠近创丰园"
"华东区","福州分公司","陈晨(易鑫融资租赁厦门分公司)","吴晓丽","金融顾问","DM231121006","南平市万佰兴汽车销售服务有限公司","南平市万佰兴汽车销售服务有限公司","2025-03-04 09:48:07","2025-03-04 10:24:44","是","36","南平市建阳区海西林产工贸城（展厅）101店","福建省南平市建瓯市东安路5-1号","展业地址","福建省南平市建瓯市弓鱼枢纽与曙光路交叉口东北200米富凯汽配","福建省南平市建瓯市曙光路靠近比亚迪汽车王朝网(南平万佰兴4S店)","福建省南平市建瓯市曙光路靠近比亚迪汽车王朝网(南平万佰兴4S店)"
"华东区","福州分公司","邓翘","黄梅","金融顾问","DM220413068","莆田市荔城埃安汽车销售服务有限公司","莆田市荔城埃安汽车销售服务有限公司","2025-03-04 09:47:38","2025-03-04 10:20:33","是","32","福建省莆田市荔城区西天尾镇城涵西大道2188号","福建省莆田市荔城区福建省莆田市荔城区西天尾镇城涵西大道2188号","展业地址","福建省莆田市荔城区西天尾镇城涵西大道2188号","福建省莆田市荔城区城涵西大道2047号靠近福闽老太太牛杂西天尾圳下直营店(城涵大道店)","福建省莆田市荔城区城涵西大道2047号靠近福闽老太太牛杂西天尾圳下直营店(城涵大道店)"
"华东区","福州分公司","邓翘","谢文武","金融顾问","DM220413068","莆田市荔城埃安汽车销售服务有限公司","莆田市荔城埃安汽车销售服务有限公司","2025-03-04 09:42:51","2025-03-04 10:22:26","是","39","福建省莆田市荔城区西天尾镇城涵西大道2188号","福建省莆田市荔城区福建省莆田市荔城区西天尾镇城涵西大道2188号","展业地址","福建省莆田市荔城区西天尾镇城涵西大道2188号","福建省莆田市荔城区城涵西大道城涵西大道","福建省莆田市荔城区城涵西大道2045号靠近福闽老太太牛杂西天尾圳下直营店(城涵大道店)"
"华东区","福州分公司","罗鸣健","黄炎英","金融顾问","DM220217053","南台岛埃安汽车销售有限公司","福建南台岛埃安汽车销售服务有限公司","2025-03-04 09:40:40","2025-03-04 12:01:38","是","140","福建省福州市仓山区城门镇潘墩路88号8号楼","福建省福州市仓山区金洲北路海峡天翔体育文化创意园","展业地址","福建省福州市仓山区建新镇金岩路152号依强产业园","福建省福州市仓山区金岩路46号靠近马榕(地铁站)",NA
"华东区","福州分公司","罗鸣健","黄巧艳(易鑫融资租赁福州分公司-金融顾问)","金融顾问","DM221028069","宁德蕉城埃安汽车销售有限公司","宁德蕉城埃安汽车销售有限公司","2025-03-04 09:31:20","2025-03-04 10:03:18","是","31","福建省宁德市蕉城区金涵畲族乡国道路101号茶厂21幢101室-1号","福建省宁德市蕉城区福建省宁德市蕉城区金涵畲族乡国道路101号茶厂21幢101室-1号","展业地址","福建省宁德市蕉城区金涵畲族乡104国道蕉城区电子商务综合产业园","福建省宁德市蕉城区104国道7-22号靠近宁德市公安局交警支队直属一大队金涵中队交通违法处理室","福建省宁德市蕉城区104国道7-22号靠近宁德市公安局交警支队直属一大队金涵中队交通违法处理室"
"华东区","福州分公司","罗鸣健","陈剑峰","金融顾问","DM240130042","福州吉诺吉途汽车销售有限公司","福州吉诺吉途汽车销售有限公司","2025-03-04 09:30:44","2025-03-04 10:03:57","是","33","福建省福州市仓山区盖山镇齐安路765号利嘉国际商业城（原海峡鞋城）1号楼西南侧一层、二层","福建省福州市仓山区盖山镇齐安路765号创丰园内","展业地址","福建省福州市仓山区齐安路齐安路","福建省福州市仓山区齐安路765号靠近创丰园","福建省福州市仓山区齐安路765号靠近创丰园"
"华东区","福州分公司","邓翘","陈晓健","金融顾问","DM181009071","福州厚升汽车销售有限公司","福州厚升汽车销售有限公司","2025-03-04 09:23:30","2025-03-04 10:05:03","是","41","福建省福州市闽侯县尚干镇祥通路11-2号","福建省福州市闽侯县尚干镇祥通路11-2号","展业地址","福建省福州市闽侯县尚干镇祥通路11-2号","福建省福州市闽侯县祥通路11-2号青口汽车城","福建省福州市闽侯县尚干镇福州厚升汽车销售有限公司青口汽车城"
"华东区","福州分公司","祝新君","张建峰","金融顾问","DM220615052","众行汽贸","宁德市蕉城区城南兴融汽车修理厂","2025-03-04 09:18:34","2025-03-04 09:27:42","是","9","福建省宁德市蕉城区鹤峰路西侧院后坪（报恩寺南侧）B区88号","福建省宁德市蕉城区福建省宁德市蕉城区鹤峰路西侧院后坪（报恩寺南侧）B区88号","展业地址","福建省宁德市蕉城区广福路宁德","福建省宁德市蕉城区广福路1号靠近金港名都","福建省宁德市蕉城区广福路1号靠近金港名都"
"华东区","福州分公司","祝新君","黄晓镇","金融顾问","DM210812128","福建富力汽车销售有限公司（星辰名车）","福建富力汽车销售有限公司","2025-03-04 09:16:36","2025-03-04 16:00:54","是","404","福州市马尾区港口路贸盛大厦2#楼BX06东写字楼688室（自贸试验区内）","福建省福州市仓山区仁山路7-1号靠近利嘉国际商业城","展业地址","福建省福州市仓山区盖山镇天水路北侧海峡商业城9号馆负一层编号105利嘉国际商业城","福建省福州市仓山区盖山镇旱天溜冰场利嘉国际商业城","福建省福州市仓山区仁山路7-1号靠近利嘉国际商业城"
"华东区","福州分公司","邓翘","黄梅","金融顾问","DM190222011","莆田市裕晟汽车投资有限公司","莆田市裕晟汽车投资有限公司","2025-03-04 09:14:48","2025-03-04 09:46:51","是","32","福建省莆田市荔城区西天尾镇城涵西大道2188号","福建省莆田市荔城区西天尾镇城涵西大道2188号","展业地址","福建省莆田市荔城区西天尾镇城涵西大道","福建省莆田市荔城区城涵西大道1909号靠近万隆鑫机动车登记服务站","福建省莆田市荔城区城涵西大道2047号靠近福闽老太太牛杂西天尾圳下直营店(城涵大道店)"
"华东区","福州分公司","邓翘","郑正利","金融顾问","DM240621041","福州市新薛航汽车贸易有限公司","福州市新薛航汽车贸易有限公司","2025-03-04 09:11:55","2025-03-04 09:52:51","是","40","福建省福州市仓山区盖山镇齐安路769号利嘉国际商贸城11号馆1层商铺89单元","福建省福州市仓山区盖山镇齐安路769号利嘉国际商贸城11号馆1层商铺89单元","展业地址","福建省福州市仓山区仁山路9-5号靠近利嘉国际商业城11号馆","福建省福州市仓山区仁山路9-5号靠近268V汽车检测服务中心","福建省福州市仓山区仁山路9-5号靠近268V汽车检测服务中心"
"华东区","福州分公司","邓翘","郑春秀","金融顾问","DM190521049","福建省国友汽车销售服务有限公司","福建省国友汽车销售服务有限公司","2025-03-04 09:11:30","2025-03-04 09:46:50","是","35","福建省福州市闽侯县祥谦镇枕峰村祥宏北路236号","福建省福州市闽侯县祥谦镇枕峰村祥宏北路236号","展业地址","福建省福州市闽侯县祥谦镇324国道","福建省福州市闽侯县324国道21号靠近枕峰村","福建省福州市闽侯县324国道21号靠近枕峰村"
"华东区","福州分公司","邓翘","高云","金融顾问","DM221103032","福州市盛世汽车有限公司","福州市盛世汽车有限公司","2025-03-04 08:58:20","2025-03-04 09:37:42","是","39","福建省福州市仓山区齐安路769号利嘉国际商业城利嘉亚太汽配市场二区8座02号","福建省福州市仓山区齐安路769号利嘉国际商业城利嘉亚太汽配市场二区8座02号","展业地址","福建省福州市仓山区红星农场仁山支路福建吉易汽车贸易有限公司",NA,NA
"华东区","福州分公司","邓翘","谢文武","金融顾问","DM241017054","福建小安新能源汽车有限公司莆田分公司","福建小安新能源汽车有限公司莆田分公司","2025-03-04 08:58:17","2025-03-04 09:07:15","是","8","福建省莆田市涵江区白塘镇埭里村城涵西大道3289号S101室","福建省莆田市涵江区福建省莆田市涵江区白塘镇埭里村城涵西大道3289号S101室","展业地址","福建省莆田市涵江区城涵东大道3341号靠近老吴牛肉汤手抓牛龙骨","福建省莆田市涵江区城涵东大道城涵东大道","福建省莆田市涵江区城涵东大道城涵东大道"
"华东区","福州分公司","陈晨(易鑫融资租赁厦门分公司)","吴云生","金融顾问","DM240307165","三明奥达创世汽车销售服务有限公司","三明奥达创世汽车销售服务有限公司","2025-03-04 08:57:58","2025-03-04 08:58:08","否","0","福建省三明市三元区新市北路999号新城财富广场3幢负一层","福建省三明市三元区江滨路1780号4号","展业地址","福建省三明市三元区江滨路1772号靠近三明市博物馆",NA,"福建省三明市三元区江滨路1772号靠近三明体育中心"
"华东区","福州分公司","罗鸣健","黄炎英","金融顾问","DM240522093","福州宜特行汽车","福州宜特行汽车服务有限公司","2025-03-04 08:57:25","2025-03-04 09:01:29","否","4","福建省福州市鼓楼区洪山镇梅兰路9号仁文·大儒世家1#、3#楼连接体1层06店面","福建省福州市闽侯县元峰村与旗山大道交叉口西南280号","展业地址","福建省福州市闽侯县元峰路9号靠近福晟·印江南","福建省福州市闽侯县元峰路01号靠近碧桂园·铂玥府","福建省福州市闽侯县元峰路7号靠近福晟·印江南"
"华东区","福州分公司","邓翘","吴俊瑛","金融顾问","DM0000013203","莆田市兴龙汽车销售服务有限公司","莆田市兴龙汽车销售服务有限公司","2025-03-04 08:56:29","2025-03-04 10:21:54","是","85","福建省莆田市荔城区西天尾镇城涵西大道2736号","福建省莆田市涵江区莆田市涵江区埭里工业区","展业地址","福建省莆田市荔城区城涵东大道1971号靠近大桥头","福建省莆田市荔城区城涵东大道1969号靠近大桥头","福建省莆田市荔城区城涵西大道1967号靠近鑫奋发汽贸"
"华东区","福州分公司","邓翘","黄梅","金融顾问","DM0000005048","福建大川丰田汽车销售服务有限公司","福建大川丰田汽车销售服务有限公司","2025-03-04 08:56:08","2025-03-04 09:05:52","是","9","莆田市涵江区滨海大道","福建省莆田市涵江区福建省莆田市涵江区白糖镇国欢西路","展业地址","福建省莆田市涵江区白塘镇国欢西路","福建省莆田市涵江区国欢西路97号靠近涵江区新涵工业集中区","福建省莆田市涵江区城涵东大道2808号靠近锦都家具广场"
"华东区","福州分公司","罗鸣健","罗建梅","金融顾问","DM220512060","福州捷路汽车有限公司","福州捷路汽车有限公司","2025-03-04 08:55:27","2025-03-04 09:15:50","是","20","福州市马尾区马尾镇马江路28号（自贸试验区内）","福建省福州市马尾区福州市马尾区马尾镇马江路28号(自贸实验区内)","展业地址","福建省福州市马尾区马尾镇马江路见大(福州)食品有限公司","福建省福州市马尾区马江路28号建发福州沃尔沃(马尾捷路店)","福建省福州市马尾区马江路马江路"
"华东区","福州分公司","祝新君","黄礼群","金融顾问","DM210707003","福州市信建车辆经纪有限公司","福州市信建车辆经纪有限公司","2025-03-04 08:54:54","2025-03-04 10:19:23","是","84","福建省福州市闽侯县尚干镇新榕路1号(原:青口镇新榕路1号)海峡汽车文化广场一期汽车超市1层C107商业","福建省福州市闽侯县福建省福州市闽侯县尚干镇新榕路1号(原:青口镇新榕路1号)海峡汽车文化广场一期汽车超市1层C107商业","展业地址","福建省福州市闽侯县尚干镇国华车辆经纪有限公司海峡汽车文化广场","福建省福州市闽侯县尚干镇海峡汽车文化广场","福建省福州市闽侯县新榕路1号靠近海峡汽车文化广场"
"华东区","福州分公司","邓翘","张丰","金融顾问","DM220905011","福州市闽侯县埃安汽车销售服务有限公司","福州市闽侯县埃安汽车销售服务有限公司","2025-03-04 08:54:48","2025-03-04 11:45:51","是","171","福建省福州市闽侯县尚干镇祥通路11-5号","福建省福州市闽侯县尚干镇祥通路11-5号","展业地址","福建省福州市闽侯县尚干镇良安路祥鑫","福建省福州市闽侯县尚干镇祥通路11号青口汽车城","福建省福州市闽侯县青口汽车城青口汽车城"
"华东区","福州分公司","祝新君","徐小丽","金融顾问","DM241225017","福州市鼓楼区驰捷汽车信息咨询服务部","福州市鼓楼区驰捷汽车信息咨询服务部（个体工商户）","2025-03-04 08:52:28","2025-03-04 18:35:02","是","582","福建省福州市鼓楼区水部街道福新路239号吉翔双子星大厦1#楼1006-A3","福建省福州市仓山区齐安路利嘉汽车城负一楼","展业地址","福建省福州市仓山区仁山路与义序路交叉口南140米利嘉国际商业城","福建省福州市仓山区盖山镇利嘉海峡商业城12号馆负二层利嘉国际商业城","福建省福州市仓山区盖山镇利嘉海峡商业城12号馆负二层利嘉国际商业城"
"华东区","福州分公司","陈晨(易鑫融资租赁厦门分公司)","吴晓丽","金融顾问","DM220926041","南平建瓯埃安汽车销售有限公司","南平建瓯埃安汽车销售有限公司","2025-03-04 08:51:19","2025-03-04 09:47:28","是","56","福建省建瓯市东安路2-13、2-14号","福建省南平市建瓯市福建省建瓯市东安路2-13、2-14号","展业地址","福建省南平市建瓯市弓鱼枢纽与曙光路交叉口东180米广汽埃安建瓯体验中心","福建省南平市建瓯市建安街道富凯汽配","福建省南平市建瓯市曙光路靠近比亚迪汽车王朝网(南平万佰兴4S店)"
"华东区","福州分公司","邓翘","邱贵辰","金融顾问","DM210305006","莆田市买好车汽车销售有限公司","莆田市买好车汽车销售有限公司","2025-03-04 08:48:45","2025-03-04 10:00:30","是","71","福建省莆田市荔城区西天尾镇少林南街1328号","福建省莆田市涵江区白塘镇埭里村城涵西大道3288号","展业地址","福建省莆田市涵江区城涵东大道3272号靠近莆田市欧米加实业有限公司","福建省莆田市涵江区城涵东大道3288号靠近欧米加鞋厂","福建省莆田市涵江区城涵东大道3288号靠近欧米加鞋厂"
"华东区","福州分公司","祝新君","陈桂榕","金融顾问","DM240928024","大道云科二手车","福州市鼓楼区嘉旺汽车信息咨询服务部","2025-03-04 08:48:27","2025-03-04 11:06:00","是","137","福建省福州市鼓楼区华大街道北二环中路18号北侧，福飞南路东侧恒力博纳广场（南区）1#楼14层29办公-D003","福建省福州市闽侯县国宾大道8-11号","展业地址","福建省福州市闽侯县国宾大道国宾大道",NA,NA
"华东区","福州分公司","祝新君","林阿顺","金融顾问","DM240812069","中策车空间二手车","福州宝森二手车销售有限公司","2025-03-04 08:46:06","2025-03-04 09:18:39","是","32","福建省福州市闽侯县青口镇海韵路1号海韵国际城18#楼1层41店面","福建省福州市闽侯县南通镇鑫洲路88号三盛璞悦湾54号","展业地址","福建省福州市闽侯县鑫洲路88号三盛·璞悦湾南向54号三盛·璞悦湾","福建省福州市闽侯县鑫洲路88号三盛·璞悦湾","福建省福州市闽侯县鑫洲路88号三盛·璞悦湾"
"华东区","福州分公司","陈晨(易鑫融资租赁厦门分公司)","廖乾宇","金融顾问","DM230726044","877二手车","延平区捌柒柒汽车商行","2025-03-04 08:45:17","2025-03-04 18:15:26","是","570","福建省南平市延平区江滨南路197-3号店面","福建省南平市延平区福建省南平市延平区江滨南路197-3号店面","展业地址","福建省南平市延平区西溪路70号西溪路70号","福建省南平市延平区四鹤街道西溪路福建闽航电子有限公司","福建省南平市延平区四鹤街道西溪路福建闽航电子有限公司"
"华东区","福州分公司","罗鸣健","陈剑峰","金融顾问","DM230925052","福州铭丁汽车服务有限公司","福州铭丁汽车服务有限公司","2025-03-04 08:40:20","2025-03-04 08:51:44","是","11","福州高新区海西高新技术产业园久策大厦A座1层108室","福建省福州市闽侯县高新区海西高新技术产业园久策大厦A座1层108室","展业地址","福建省福州市闽侯县乌龙江大道久策大厦","福建省福州市闽侯县乌龙江大道5号靠近久策大厦","福建省福州市闽侯县乌龙江大道5号靠近久策大厦"
"华东区","福州分公司","邓翘","郑春秀","金融顾问","DM241224023","福州瀚越汽车贸易有限公司","福州瀚越汽车贸易有限公司","2025-03-04 08:39:39","2025-03-04 08:51:22","是","11","福建省福州市闽侯县祥谦镇枕峰村祥宏北路217号","福建省福州市闽侯县324国道21号靠近福州鑫金福机动车检测站","展业地址","福建省福州市闽侯县324国道21号靠近祥谦陵园","福建省福州市闽侯县324国道21号靠近祥谦陵园","福建省福州市闽侯县324国道21号靠近祥谦陵园"
"华东区","福州分公司","陈晨(易鑫融资租赁厦门分公司)","苏儒宏","金融顾问","DM000001296","南平汇享","南平市汇享汽车销售有限公司","2025-03-04 08:39:34","2025-03-04 13:40:38","是","301","福建省南平市延平区峡阳将军街61号","福建省南平市延平区福建省南平市延平区江滨南路228号28幢1层9号商店","展业地址","福建省南平市延平区黄墩街道江滨北路135","福建省南平市延平区黄墩街道江滨北路","福建省南平市延平区黄墩街道江滨北路"
"华东区","福州分公司","罗鸣健","邓智琴","金融顾问","DM240424055","福建新视维科技有限公司","福建新视维科技有限公司","2025-03-04 08:38:49","2025-03-04 09:09:47","是","30","福建省福清市石竹福玉路18号","福建省福州市福清市石竹福玉路18号","展业地址","福建省福州市福清市清荣大道18-11号靠近福清市霞河机动车综合性能检测站","福建省福州市福清市石竹街道宏旺家具(霞河店)","福建省福州市福清市石竹街道宏旺家具(霞河店)"
"华东区","福州分公司","邓翘","郑正利","金融顾问","DM230209022","福建星之联汽车销售服务有限公司","福建星之联汽车销售服务有限公司","2025-03-04 08:36:20","2025-03-04 09:08:34","是","32","福州市马尾区快安大道M9511工业园服务中心1#楼一层6#22#28#二层29-49#（自贸试验区内）","福建省福州市仓山区仁山路7-8与仁山支路交叉口东180米利嘉国际商业城9号馆B1 165号","展业地址","福建省福州市仓山区仁山路58号靠近利嘉国际商业城11号馆","福建省福州市仓山区仁山路9-5号靠近268V汽车检测服务中心","福建省福州市仓山区仁山路9-5号靠近268V汽车检测服务中心"
"华东区","福州分公司","祝新君","欧阳秀琴","金融顾问","DM240412040","玖玖二手车行","福鼎市玖玖二手车行","2025-03-04 08:24:25","2025-03-04 10:04:46","是","100","福建省宁德市福鼎市丹岐村通顺达二手车市场A区32号","福建省宁德市福鼎市闽浙二手车市场","展业地址","福建省宁德市福鼎市闽浙二手车市场b区2-3号鼎级二手车","福建省宁德市福鼎市(null)桐城街道","福建省宁德市福鼎市(null)桐城街道"
"华东区","福州分公司","祝新君","李岳华","金融顾问","DM220620031","兴达名车展厅","福安市兴瑞汽车咨询服务部","2025-03-04 08:23:25","2025-03-04 12:12:50","是","229","福建省宁德市福安市城南街道天马南路88号天马山庄147D","福建省宁德市福安市福建省宁德市福安市城南街道天马南路88号天马山庄147D","展业地址","福建省宁德市福安市城南街道广场南路209号天马山庄","福建省宁德市福安市金山南路与湖滨南路交叉口东北120米南湖花园C区","福建省宁德市福安市金山南路与湖滨南路交叉口东北120米南湖花园C区"
"华东区","福州分公司","罗鸣健","方建荣","金融顾问","DM241221004","宁德丰辉达汽车销售服务有限公司","宁德丰辉达汽车销售服务有限公司","2025-03-04 08:20:56","2025-03-04 13:41:10","是","320","福建省宁德市东侨经济开发区疏港路19号1幢","福建省宁德市蕉城区东侨经济开发区疏港路19号1幢","展业地址","福建省宁德市蕉城区疏港路辅路23号靠近赤鉴湖公园","福建省宁德市蕉城区疏港路辅路19号靠近赤鉴湖公园","福建省宁德市蕉城区郑岐路39号靠近远东宿舍"
"华东区","福州分公司","陈晨(易鑫融资租赁厦门分公司)","廖春娣","金融顾问","DM240314029","三明市三元区品优汽车用品商行","三明市三元区品优汽车用品商行","2025-03-04 08:06:39","2025-03-04 09:29:57","是","83","福建省三明市三元区翁墩城市物流园德安工业区46号102室","福建省三明市三元区福建省三明市三元区翁墩城市物流园德安工业区46号102室","展业地址","福建省三明市三元区新市北路新市北路","福建省三明市三元区乾龙路839号靠近美地大道","福建省三明市三元区乾龙路839号靠近美地大道"
"华东区","福州分公司","陈晨(易鑫融资租赁厦门分公司)","池绯绯","金融顾问","DM210927101","三明市奕驰汽贸有限公司","三明市奕驰汽贸有限公司","2025-03-04 08:03:38","2025-03-04 12:57:09","是","293","福建省三明市梅列区龙岗新村36幢一楼大厅","福建省三明市三元区下洋新村22幢一楼6号店","展业地址","福建省三明市三元区城关街道下洋一路华宇双城小区","福建省三明市三元区下洋一路325号靠近城关派出所","福建省三明市三元区新市中路183号靠近城关派出所"
"华东区","福州分公司","陈晨(易鑫融资租赁厦门分公司)","康礼青","金融顾问","DM211111002","机哥精品二手车","南平市建阳区机哥二手车有限公司","2025-03-04 08:02:01","2025-03-04 14:05:51","是","363","南平市建阳区建平大道951号","福建省南平市建阳市潭山大道","展业地址","福建省南平市建阳区潭山大道潭山大道","福建省南平市建阳区潭山大道468号靠近南平市建阳区实验幼儿园(七贤校区)","福建省南平市建阳区潭城街道潭山大道三迪·西城枫丹"
"华东区","福州分公司","罗鸣健","黄巧艳(易鑫融资租赁福州分公司-金融顾问)","金融顾问","DM230802016","宁德通联汽车有限公司","宁德通联汽车有限公司","2025-03-04 08:01:55","2025-03-04 08:07:49","是","5","福建省宁德市蕉城区生辉路18号2幢101D","福建省宁德市蕉城区福建省宁德市蕉城区生辉路18号2幢101D","展业地址","福建省宁德市蕉城区生辉路5号靠近鸿达家具厂","福建省宁德市蕉城区104国道宁德","福建省宁德市蕉城区104国道宁德"
"华东区","福州分公司","陈晨(易鑫融资租赁厦门分公司)","廖乾宇","金融顾问","DM200305041","鑫鸿盛汽贸","南平鑫鸿盛汽车贸易有限公司","2025-03-03 21:59:34","2025-03-03 22:38:03","是","38","福建省南平市延平区西溪路77-1","福建省南平市延平区福建省南平市延平区西溪路77-1","展业地址","福建省南平市延平区四鹤街道西溪路","福建省南平市延平区四鹤街道西溪路","福建省南平市延平区四鹤街道西溪路"
"华东区","福州分公司","陈晨(易鑫融资租赁厦门分公司)","廖乾宇","金融顾问","DM230726044","877二手车","延平区捌柒柒汽车商行","2025-03-03 21:30:57","2025-03-03 21:55:21","是","24","福建省南平市延平区江滨南路197-3号店面","福建省南平市延平区福建省南平市延平区江滨南路197-3号店面","展业地址","福建省南平市延平区西溪路70号西溪路70号","福建省南平市延平区四鹤街道西溪路福建闽航电子有限公司","福建省南平市延平区四鹤街道西溪路福建闽航电子有限公司"
"华东区","福州分公司","罗鸣健","黄丽钗","金融顾问","DM230418024","福州聚禧汽车销售有限公司","福州聚禧汽车销售有限公司","2025-03-03 21:00:10","2025-03-03 21:40:49","是","40","福建省福州市仓山区盖山投资区高台路8-1号1层101","福建省福州市仓山区海西佰悦城长安4s店","展业地址","福建省福州市仓山区南三环路118号靠近海西·佰悦城","福建省福州市仓山区城门镇安悦中心榕泰新能源汽车小镇","福建省福州市仓山区城门镇安悦中心榕泰新能源汽车小镇"
"华东区","福州分公司","罗鸣健","黄巧艳(易鑫融资租赁福州分公司-金融顾问)","金融顾问","DM221028069","宁德蕉城埃安汽车销售有限公司","宁德蕉城埃安汽车销售有限公司","2025-03-03 20:16:19","2025-03-03 22:06:41","是","110","福建省宁德市蕉城区金涵畲族乡国道路101号茶厂21幢101室-1号","福建省宁德市蕉城区福建省宁德市蕉城区金涵畲族乡国道路101号茶厂21幢101室-1号","展业地址","福建省宁德市蕉城区金涵畲族乡104国道蕉城区电子商务综合产业园","福建省宁德市蕉城区金涵畲族乡广汽埃安宁德蕉城体验中心","福建省宁德市蕉城区金溪路7-22号靠近宁德市公安局交警支队直属一大队金涵中队交通违法处理室"
"华东区","福州分公司","邓翘","陈晓健","金融顾问","DM231206074","福州易致汽车销售有限公司仓山分公司","福州易致汽车销售有限公司仓山分公司","2025-03-03 20:03:24","2025-03-03 20:12:54","是","9","福建省福州市仓山区金山街道浦上大道272号仓山万达广场A区（A1-A4）1层185商铺","福建省福州市仓山区福建省福州市仓山区金山街道浦上大道272号仓山万达广场A区（A1-A4）1层185商铺","展业地址","福建省福州市仓山区浦上大道辅路947号靠近浦上大道(地铁站)","福建省福州市仓山区金山街道金洲南路141号万达广场(福州仓山店)","福建省福州市仓山区金洲南路141号靠近万达广场(福州仓山店)"
"华东区","福州分公司","陈晨(易鑫融资租赁厦门分公司)","苏儒宏","金融顾问","DM000001296","南平汇享","南平市汇享汽车销售有限公司","2025-03-03 19:20:55","2025-03-03 20:44:15","是","83","福建省南平市延平区峡阳将军街61号","福建省南平市延平区福建省南平市延平区江滨南路228号28幢1层9号商店","展业地址","福建省南平市延平区黄墩街道江滨北路135","福建省南平市延平区黄墩街道江滨北路","福建省南平市延平区黄墩街道江滨北路"
"华东区","福州分公司","祝新君","黄晓镇","金融顾问","DM221124034","福州乐元汽车服务有限公司","福州乐元汽车服务有限公司","2025-03-03 19:17:34","2025-03-03 23:52:44","是","275","福建省福州市晋安区象园街道连潘34座综合楼一层东侧167","福建省福州市仓山区红星农场仁山路52号利嘉国际商业城9号馆","展业地址","福建省福州市仓山区红星农场仁山路52号利嘉国际商业城9号馆","福建省福州市仓山区仁山路54号靠近268V汽车检测服务中心","福建省福州市仓山区盖山镇旱天溜冰场利嘉国际商业城"
"华东区","福州分公司","祝新君","黄晓镇","金融顾问","DM221222018","福州市仓山区亿佳汽车信息咨询服务部","福州市仓山区亿佳汽车信息咨询服务部","2025-03-03 18:51:00","2025-03-03 19:16:09","是","25","福建省福州市仓山区建新镇洪湾北路267号1层33店面","福建省福州市仓山区建新镇洪湾北路267号","展业地址","福建省福州市仓山区红星农场利嘉亚太汽车后市场智慧产业园利嘉国际商业城9号馆","福建省福州市仓山区仁山路54号靠近268V汽车检测服务中心","福建省福州市仓山区仁山路54号靠近268V汽车检测服务中心"
"华东区","福州分公司","邓翘","高云","金融顾问","DM230219004","福州华奥鸿旗汽车销售有限公司","福州华奥鸿旗汽车销售有限公司","2025-03-03 18:26:20","2025-03-03 18:52:22","是","26","福建省福州市闽侯县青口镇镜上村新榕路19号","福建省福州市闽侯县青口镇镜上村新榕路19 号","展业地址","福建省福州市闽侯县青口镇新榕路福州市华强丰田汽车销售服务有限公司","福建省福州市闽侯县新榕路19号靠近福州市华强丰田汽车销售服务有限公司","福建省福州市闽侯县新榕路19号靠近福州市华强丰田汽车销售服务有限公司"
"华东区","福州分公司","陈晨(易鑫融资租赁厦门分公司)","吴云生","金融顾问","DM231214023","三明市沙县福顺汽车销售服务有限公司","三明市沙县福顺汽车销售服务有限公司","2025-03-03 18:09:21","2025-03-03 18:09:31","否","0","福建省三明市沙县区虬江水东路24-7号","福建省三明市沙县福建省三明市沙县区虬江水东路24-7号","展业地址","福建省三明市沙县区水东路三明汽车城","福建省三明市沙县区水东路24-1号靠近佰盛汽车机动车登记服务站","福建省三明市沙县区水东路24-1号靠近佰盛汽车机动车登记服务站"
"华东区","福州分公司","邓翘","谢文武","金融顾问","DM230904066","莆田市宏宸汽车服务有限公司","莆田市宏宸汽车服务有限公司","2025-03-03 18:08:53","2025-03-04 08:54:55","否","886","福建省莆田市荔城区拱辰街道丰美路1165号荔浦小区4号楼114室","福建省莆田市荔城区福建省莆田市荔城区玉湖路愉园小区(万科五期)7号楼101室宏宸新能源网约车","展业地址","福建省莆田市荔城区玉湖路1589号靠近莆田万科城愉园","福建省莆田市荔城区玉湖路玉湖路","福建省莆田市涵江区涵港大道涵港大道"
"华东区","福州分公司","邓翘","郑春秀","金融顾问","DM241224023","福州瀚越汽车贸易有限公司","福州瀚越汽车贸易有限公司","2025-03-03 18:01:39","2025-03-03 18:08:56","是","7","福建省福州市闽侯县祥谦镇枕峰村祥宏北路217号","福建省福州市闽侯县324国道21号靠近福州鑫金福机动车检测站","展业地址","福建省福州市闽侯县324国道21号靠近祥谦陵园","福建省福州市闽侯县324国道21号靠近祥谦陵园","福建省福州市闽侯县324国道21号靠近祥谦陵园"
"华东区","福州分公司","祝新君","李岳华","金融顾问","DM210723007","福安市威锋汽车配件店","福安市威锋汽车配件店","2025-03-03 17:48:25","2025-03-03 18:33:35","是","45","福建省宁德市福安市城南街道天马南路88号天马山庄149D","福建省宁德市福安市福建省宁德市福安市城南街道天马南路88号天马山庄149D","展业地址","福建省宁德市福安市城南街道广场南路201号天马山庄","福建省宁德市福安市天马南路146号靠近国家税务总局福安市税务局","福建省宁德市福安市金山南路与湖滨南路交叉口东北120米南湖花园C区"
"华东区","福州分公司","邓翘","张丰","金融顾问","DM241008045","福州众辰汽车销售有限公司","福州众辰汽车销售有限公司","2025-03-03 17:40:05","2025-03-03 18:05:19","是","25","福建省福州市马尾区亭江镇长洋路177号福州综合保税区管理局综合办公楼418-A029室（自贸试验区内）","福建省福州市仓山区仓山区潘墩路105号海峡车辆交易市场","展业地址","福建省福州市仓山区潘墩路105号海峡车辆交易市场众辰(福州)网约车运营中心","福建省福州市仓山区福峡路162号靠近推易网红电商学院(福州校区)","福建省福州市仓山区福峡路162号靠近推易网红电商学院(福州校区)"
"华东区","福州分公司","陈晨(易鑫融资租赁厦门分公司)","康礼青","金融顾问","DM210807014","南平市建阳区鸿运汽车信息服务部","南平市建阳区鸿运汽车信息服务部","2025-03-03 17:38:08","2025-03-03 18:13:52","是","35","南平市建阳区嘉禾北路1221-105号","福建省南平市建阳市嘉禾北路3787号靠近滨江壹号","展业地址","福建省南平市建阳区嘉禾北路3787号靠近滨江壹号","福建省南平市建阳区崇泰街道嘉禾北路1211号滨江壹号","福建省南平市建阳区嘉禾北路1211号靠近滨江壹号"
"华东区","福州分公司","祝新君","张建峰","金融顾问","DM220513082","恒升二手车行","福安市星辰汽配商行","2025-03-03 17:36:13","2025-03-03 18:11:45","是","35","福建省宁德市福安市城南街道天马南路89号天马汽车城3幢101D","福建省宁德市福安市福建省宁德市福安市城南街道天马南路89号天马汽车城3幢101D","展业地址","福建省宁德市福安市城南街道广场南路207号天马山庄","福建省宁德市福安市金山南路与湖滨南路交叉口东北120米南湖花园C区","福建省宁德市福安市金山南路与湖滨南路交叉口东北120米南湖花园C区"
"华东区","福州分公司","陈晨(易鑫融资租赁厦门分公司)","吴晓丽","金融顾问","DM241104062","中融二手车","建瓯市中杰二手车销售有限公司","2025-03-03 17:32:15","2025-03-03 18:20:14","是","47","福建省建瓯市金瓯街21号","福建省南平市建瓯市福建省建瓯市金瓯街21号","展业地址","福建省南平市建瓯市金瓯路23号靠近正方大厦","福建省南平市建瓯市瓯宁街道金瓯路绿岛晓苑","福建省南平市建瓯市瓯宁街道金瓯路绿岛晓苑"
"华东区","福州分公司","祝新君","林阿顺","金融顾问","DM241225020","易个车二手车","福州鑫顺通汽车服务有限公司","2025-03-03 17:17:42","2025-03-03 20:38:12","是","200","福建省福州市仓山区城门镇潘墩路12号-3","福建省福州市仓山区海峡奥林匹克体育中心沿海名车A馆","展业地址","福建省福州市仓山区东岭路福州海峡奥林匹克体育中心","福建省福州市仓山区东岭路福湾斗门海峡奥体中心体育场1层133号福州海峡奥林匹克体育中心","福建省福州市仓山区体育场西路福州海峡奥林匹克体育中心"
"华东区","福州分公司","邓翘","邱贵辰","金融顾问","DM220421084","福建大川佳信汽车销售服务有限公司","福建大川佳信汽车销售服务有限公司","2025-03-03 17:15:06","2025-03-03 18:06:18","是","51","福建省莆田市仙游县鲤南镇城南东路2288号","福建省莆田市荔城区西天尾镇城涵西大道1819号","展业地址","福建省莆田市荔城区西天尾镇城涵西大道莆田市荣泰汽车服务有限公司","福建省莆田市荔城区城涵西大道1443号靠近溪安","福建省莆田市荔城区城涵西大道1443号靠近溪安"
"华东区","福州分公司","邓翘","张丰","金融顾问","DM220905011","福州市闽侯县埃安汽车销售服务有限公司","福州市闽侯县埃安汽车销售服务有限公司","2025-03-03 17:11:03","2025-03-03 17:28:48","是","17","福建省福州市闽侯县尚干镇祥通路11-5号","福建省福州市闽侯县尚干镇祥通路11-5号","展业地址","福建省福州市闽侯县尚干镇良安路祥鑫","福建省福州市闽侯县祥通路11号靠近青口汽车城","福建省福州市闽侯县尚干镇祥通路11号青口汽车城"
"华东区","福州分公司","邓翘","谢文武","金融顾问","DM240911030","莆田市逸行新能源汽车科技有限责任公司","莆田市逸行新能源汽车科技有限责任公司","2025-03-03 17:09:34","2025-03-03 17:50:44","是","41","福建省莆田市城厢区华亭镇腾飞街66号5号楼203室","福建省莆田市城厢区福建省莆田市城厢区华亭镇腾飞街66号5号楼203室","展业地址","福建省莆田市城厢区荔华东大道2899号靠近旷远能源股份有限公司","福建省莆田市城厢区荔华东大道2899号靠近春晖木雕艺术馆","福建省莆田市城厢区荔华东大道荔华东大道"
"华东区","福州分公司","祝新君","欧阳秀琴","金融顾问","DM231030026","福鼎市荣倡二手车有限公司","福鼎市荣倡二手车有限公司","2025-03-03 17:04:50","2025-03-03 18:04:09","是","59","福建省福鼎市星火路18号","福建省宁德市福鼎市星火路18号","分店","福建省宁德市福鼎市973县道973县道","福建省宁德市福鼎市973县道973县道","福建省宁德市福鼎市(null)桐城街道"
"华东区","福州分公司","罗鸣健","邓智琴","金融顾问","DM0000004995","福州九鼎汽车销售服务有限公司","福州九鼎汽车销售服务有限公司","2025-03-03 17:04:45","2025-03-03 18:10:47","是","66","福建省福州市仓山区潘墩路8号福远汽车广场8-5店面","福建省福州市仓山区福州市仓山区盖山镇则徐大道692号闽丰汽车广场内","展业地址","福建省福州市仓山区盖山镇则徐大道692","福建省福州市仓山区高台路631-2号靠近吉诺检测","福建省福州市仓山区盖山镇闽丰汽车广场"
"华东区","福州分公司","邓翘","郑正利","金融顾问","DM200313052","聚佳车汽车","福州市仓山区聚佳车汽车信息咨询服务部","2025-03-03 17:03:30","2025-03-03 18:35:28","是","91","福州市仓山区建新镇后巷路33号浦上小区（原金山工业集中区浦上片生活配套房二期）14号楼1层06店面","福建省福州市闽侯县乌龙江南大道99号泰禾红悦A18号楼01店","展业地址","福建省福州市闽侯县南屿镇智慧大道乌龙江大区","福建省福州市闽侯县智慧大道99-1号靠近乌龙江大区A区","福建省福州市闽侯县智慧大道93号靠近乌龙江大区A区"
"华东区","福州分公司","罗鸣健","陈剑峰","金融顾问","DM230925052","福州铭丁汽车服务有限公司","福州铭丁汽车服务有限公司","2025-03-03 16:55:57","2025-03-03 18:02:30","是","66","福州高新区海西高新技术产业园久策大厦A座1层108室","福建省福州市闽侯县高新区海西高新技术产业园久策大厦A座1层108室","展业地址","福建省福州市闽侯县乌龙江大道久策大厦","福建省福州市闽侯县乌龙江大道5号靠近久策大厦","福建省福州市闽侯县上街镇久策大厦久策大厦A座"
"华东区","福州分公司","罗鸣健","方建荣","金融顾问","DM230814034","宁德融瑞汽车有限公司","宁德融瑞汽车有限公司","2025-03-03 16:44:37","2025-03-03 18:32:05","是","107","福建省宁德市东侨经济开发区疏港路8号2幢1梯1层","福建省宁德市蕉城区疏港路8号2幢1梯1层","展业地址","福建省宁德市蕉城区疏港路5号靠近星光食品","福建省宁德市蕉城区七都镇疏港路无锡先导装备股份有限公司宁德仓库","福建省宁德市蕉城区七都镇疏港路无锡先导装备股份有限公司宁德仓库"
"华东区","福州分公司","邓翘","吴俊瑛","金融顾问","DM240506062","捷途新能源","莆田盛世元通新能源汽车销售服务有限公司","2025-03-03 16:44:35","2025-03-03 18:16:20","是","91","福建省莆田市涵江区白塘镇埭里村城涵西大道3269号","福建省莆田市涵江区白塘镇埭里村城涵西大道3269号","展业地址","福建省莆田市涵江区城涵东大道3343号靠近欧米加鞋厂","福建省莆田市涵江区城涵东大道3343号靠近老吴牛肉汤手抓牛龙骨","福建省莆田市涵江区城涵东大道3343号靠近欧米加鞋厂"
"华东区","福州分公司","罗鸣健","黄炎英","金融顾问","DM220217053","南台岛埃安汽车销售有限公司","福建南台岛埃安汽车销售服务有限公司","2025-03-03 16:36:19","2025-03-03 18:11:25","是","95","福建省福州市仓山区城门镇潘墩路88号8号楼","福建省福州市仓山区金洲北路海峡天翔体育文化创意园","展业地址","福建省福州市仓山区建新镇金岩路152号依强产业园","福建省福州市仓山区金岩路46号靠近马榕(地铁站)","福建省福州市仓山区建新镇金岩路46号依强金谷"
"华东区","福州分公司","邓翘","黄梅","金融顾问","DM190222011","莆田市裕晟汽车投资有限公司","莆田市裕晟汽车投资有限公司","2025-03-03 16:34:23","2025-03-04 08:54:45","否","980","福建省莆田市荔城区西天尾镇城涵西大道2188号","福建省莆田市荔城区西天尾镇城涵西大道2188号","展业地址","福建省莆田市荔城区西天尾镇城涵西大道","福建省莆田市荔城区城涵西大道1909号靠近万隆鑫机动车登记服务站","福建省莆田市涵江区国欢西路99号靠近下黄"
"华东区","福州分公司","祝新君","陈桂榕","金融顾问","DM220220024","福州市仓山区车小二汽车信息咨询服务有限公司","福州市仓山区车小二汽车信息咨询服务有限公司","2025-03-03 16:28:57","2025-03-03 18:15:01","是","106","福建省福州市仓山区建新镇闽江大道128号香江明珠（现名香江花园）52号楼1层04店面","福建省福州市闽侯县福建省福州市闽侯县尚干镇新榕路海峡汽车文化广场","展业地址","福建省福州市闽侯县尚干镇新榕路海峡汽车文化广场","福建省福州市闽侯县尚干镇新榕路1号海峡汽车文化广场","福建省福州市闽侯县尚干镇新榕路1号海峡汽车文化广场"
"华东区","福州分公司","陈晨(易鑫融资租赁厦门分公司)","吴云生","金融顾问","DM231214023","三明市沙县福顺汽车销售服务有限公司","三明市沙县福顺汽车销售服务有限公司","2025-03-03 16:20:37","2025-03-03 17:18:14","是","57","福建省三明市沙县区虬江水东路24-7号","福建省三明市沙县福建省三明市沙县区虬江水东路24-7号","展业地址","福建省三明市沙县区水东路三明汽车城","福建省三明市沙县区水东路24-1号靠近佰盛汽车机动车登记服务站","福建省三明市沙县区水东路24-1号靠近佰盛汽车机动车登记服务站"
"华东区","福州分公司","陈晨(易鑫融资租赁厦门分公司)","苏儒宏","金融顾问","DM230410026","南平佰利昇汽车销售有限公司","南平佰利昇汽车销售有限公司","2025-03-03 16:08:14","2025-03-03 17:35:27","是","87","福建省邵武市福寿东路1号","福建省南平市建阳市大红袍路2号南平万达广场1B层万达广场","展业地址","福建省南平市建阳区大红袍路2号南平万达广场1B层万达广场","福建省南平市建阳区崇阳街道大红袍路14号万达广场停车场","福建省南平市建阳区崇阳街道大红袍路14号万达广场停车场"
"华东区","福州分公司","罗鸣健","罗建梅","金融顾问","DM210304076","福建省汇京鸿福汽车销售服务有限公司","福建省汇京鸿福汽车销售服务有限公司","2025-03-03 16:07:13","2025-03-03 16:14:29","是","7","福建省福州市晋安区新店镇西垅村118号","福建省福州市晋安区新店镇西垅村118号","展业地址","福建省福州市晋安区审知路新店","福建省福州市晋安区西垄路新店","福建省福州市晋安区西垄路新店"
"华东区","福州分公司","祝新君","李岳华","金融顾问","DM220620031","兴达名车展厅","福安市兴瑞汽车咨询服务部","2025-03-03 16:05:39","2025-03-03 17:40:56","是","95","福建省宁德市福安市城南街道天马南路88号天马山庄147D","福建省宁德市福安市福建省宁德市福安市城南街道天马南路88号天马山庄147D","展业地址","福建省宁德市福安市城南街道广场南路209号天马山庄","福建省宁德市福安市天马南路146号靠近国家税务总局福安市税务局","福建省宁德市福安市天马南路146号靠近国家税务总局福安市税务局"
"华东区","福州分公司","邓翘","黄梅","金融顾问","DM220413068","莆田市荔城埃安汽车销售服务有限公司","莆田市荔城埃安汽车销售服务有限公司","2025-03-03 16:05:28","2025-03-03 16:33:30","是","28","福建省莆田市荔城区西天尾镇城涵西大道2188号","福建省莆田市荔城区福建省莆田市荔城区西天尾镇城涵西大道2188号","展业地址","福建省莆田市荔城区西天尾镇城涵西大道2188号","福建省莆田市荔城区城涵西大道1899号靠近双洋","福建省莆田市荔城区城涵西大道1909号靠近万隆鑫机动车登记服务站"
"华东区","福州分公司","陈晨(易鑫融资租赁厦门分公司)","池绯绯","金融顾问","DM230911063","三明市升辰二手车有限公司","三明市升辰二手车有限公司","2025-03-03 15:58:32","2025-03-03 20:46:38","是","288","福建省三明市沙县区虬江水东路12-15号","福建省三明市沙县福建省三明市沙县区虬江水东路12-15号","展业地址","福建省三明市沙县区水东路靠近三明汽车城","福建省三明市沙县区虬江街道水东路30-4号三明汽车城","福建省三明市沙县区水东路30-4号靠近三明汽车城"
"华东区","福州分公司","罗鸣健","罗建梅","金融顾问","DM230508035","福建福飞北埃安汽车销售服务有限公司","福建福飞北埃安汽车销售服务有限公司","2025-03-03 15:55:52","2025-03-03 16:06:31","是","10","福建省福州市晋安区新店镇西垄路1号-2","福建省福州市晋安区新店镇西垄陆1号-2","展业地址","福建省福州市晋安区战坂路靠近西垅佳园","福建省福州市晋安区审知路东风日产福州汇京福飞北专营店","福建省福州市晋安区西垄路新店"
"华东区","福州分公司","祝新君","黄礼群","金融顾问","DM240919068","福建奇瑞奇祥汽车销售服务有限公司闽侯爱咖分公司","福建奇瑞奇祥汽车销售服务有限公司闽侯爱咖分公司","2025-03-03 15:40:04","2025-03-03 18:53:11","是","193","福建省福州市闽侯县尚干镇新榕路1号汽车超市二层C区C204-C212","福建省福州市闽侯县尚干镇新榕路1号汽车超市二层C区C204-C212","合作店面","福建省福州市闽侯县104国道3号靠近尚干镇","福建省福州市闽侯县奔驰大道1号楼靠近海峡汽车文化广场","福建省福州市闽侯县104国道3号靠近海峡汽车文化广场"
"华东区","福州分公司","祝新君","欧阳秀琴","金融顾问","DM230829033","福鼎市鸿达二手车行","福鼎市鸿达二手车行","2025-03-03 15:31:24","2025-03-03 17:04:17","是","92","福建省宁德市福鼎市闽浙二手车市场A区33号","福建省宁德市福鼎市闽浙二手车市场A区33号","展业地址","福建省宁德市福鼎市973县道973县道","福建省宁德市福鼎市973县道973县道","福建省宁德市福鼎市973县道973县道"
"华东区","福州分公司","罗鸣健","黄丽钗","金融顾问","DM200318005","福州顶峰艾维尔汽车咨询有限公司","福州顶峰艾维尔汽车咨询有限公司","2025-03-03 15:30:30","2025-03-03 16:37:15","是","66","福建省福州市仓山区叶厦路395号","福建省福州市仓山区叶厦路395号","展业地址","福建省福州市仓山区城门镇叶夏路","福建省福州市仓山区城门镇叶厦路397号众为科创中心","福建省福州市仓山区城门镇叶厦路397号众为科创中心"
"华东区","福州分公司","陈晨(易鑫融资租赁厦门分公司)","廖春娣","金融顾问","DM240314026","三明市骏豪严选二手车有限公司","三明市骏豪严选二手车有限公司","2025-03-03 15:24:27","2025-03-03 16:50:03","是","85","福建省三明市三元区陈大镇德安工业区42号2幢负一层1号","福建省三明市三元区福建省三明市三元区陈大镇德安工业区42号2幢负一层1号","展业地址","福建省三明市三元区碧玉路98号碧玉路98号","福建省三明市三元区碧玉路92号靠近明易物流园","福建省三明市三元区碧玉路92号靠近明易物流园"
"华东区","福州分公司","罗鸣健","方建荣","金融顾问","DM210717038","宁德市万协汽车销售服务有限公司","宁德市万协汽车销售服务有限公司","2025-03-03 15:01:29","2025-03-03 16:22:58","是","81","宁德市东侨经济开发区疏港路1号远德厂区内1号店","福建省宁德市蕉城区宁德市东侨经济开发区疏港路1号远德厂区内1号店","展业地址","福建省宁德市蕉城区金涵畲族乡远藤食品漳湾工业园区","福建省宁德市蕉城区104国道1号靠近漳湾工业园区","福建省宁德市蕉城区金涵畲族乡长安启源宁德跃辰4S店漳湾工业园区"
"华东区","福州分公司","罗鸣健","邓智琴","金融顾问","DM250212004","理想汽车福州榕泰零售中心","北京励鼎汽车销售有限公司","2025-03-03 15:00:15","2025-03-03 15:31:46","是","31","北京市顺义区高丽营镇恒兴路4号院1幢106室(科技创新功能区)","福建省福州市仓山区城门镇大浦路12号安腾商业广场","展业地址","福建省福州市仓山区南三环路32号靠近螺洲派出所","福建省福州市仓山区南三环路108号靠近螺洲派出所","福建省福州市仓山区南三环路108号靠近螺洲派出所"
"华东区","福州分公司","罗鸣健","黄丽钗","金融顾问","DM241115025","福州市亿海广福汽车销售有限公司","福州市亿海广福汽车销售有限公司","2025-03-03 14:56:13","2025-03-03 15:13:02","是","16","福建省福州市仓山区城门镇潘墩路190号-576（自贸试验区内）","福建省福州市仓山区金洲北路金华路15号","展业地址","福建省福州市仓山区金华路11号金山","福建省福州市仓山区金华路碧全产业园","福建省福州市仓山区金华路金山"
"华东区","福州分公司","邓翘","郑正利","金融顾问","DM240611038","车诚汇汽车","福建车诚汇汽车销售有限公司","2025-03-03 14:49:39","2025-03-03 15:32:36","是","42","福建省福州市仓山区城门镇潘墩路190号-585（自贸试验区内）","福建省福州市仓山区海峡奥林匹克体育中心（福湾路西）","展业地址","福建省福州市仓山区福湾路辅路16号靠近奥体篮球公园","福建省福州市仓山区福湾路辅路16号靠近奥体篮球公园","福建省福州市仓山区福湾路辅路16号靠近奥体篮球公园"
"华东区","福州分公司","邓翘","吴俊瑛","金融顾问","DM190722011","莆田市隆运汽车销售服务有限公司","莆田市隆运汽车销售服务有限公司","2025-03-03 14:46:41","2025-03-03 15:23:51","是","37","福建省莆田市涵江区白塘镇埭里村城涵东大道3011-3013号","福建省莆田市涵江区白塘镇埭里村城涵东大道3011-3013号","展业地址","福建省莆田市涵江区白塘镇城涵东大道","福建省莆田市涵江区城涵东大道3339号靠近老吴牛肉汤手抓牛龙骨","福建省莆田市涵江区城涵东大道3339号靠近老吴牛肉汤手抓牛龙骨"
"华东区","福州分公司","罗鸣健","黄丽钗","金融顾问","DM241115049","福州市亿海广际汽车销售有限公司","福州市亿海广际汽车销售有限公司","2025-03-03 14:42:32","2025-03-03 14:55:30","是","12","福建省福州市仓山区城门镇潘墩路190号-577（自贸试验区内）","福建省福州市仓山区金洲北路金华路15号","展业地址","福建省福州市仓山区金华路依强产业园","福建省福州市仓山区金华路金山","福建省福州市仓山区金华路金山"
"华东区","福州分公司","陈晨(易鑫融资租赁厦门分公司)","吴云生","金融顾问","DM240314013","尤溪县佰度汽车销售有限公司","尤溪县佰度汽车销售有限公司","2025-03-03 14:35:14","2025-03-03 15:10:47","是","35","福建省尤溪县城关镇埔头村工业路31号4幢B121室","福建省三明市尤溪县福建省尤溪县城关镇埔头村工业路31号4幢B121室","展业地址","福建省三明市尤溪县解放路靠近东滨花园","福建省三明市尤溪县城关镇解放路浦头大厦","福建省三明市尤溪县城关镇解放路浦头大厦"
"华东区","福州分公司","邓翘","郑正利","金融顾问","DM230105005","起源汽车","起源（福建）汽车销售服务有限公司","2025-03-03 14:35:04","2025-03-03 14:49:16","是","14","福建省福州市仓山区城门镇潘墩路190号-568（自贸试验区内）","福建省福州市仓山区福州海峡奥林匹克体育中心车诚汇汽车03办公室","展业地址","福建省福州市仓山区福湾路辅路16号靠近福州海峡奥林匹克体育中心体育场","福建省福州市仓山区福湾路辅路16号靠近奥体篮球公园","福建省福州市仓山区福湾路辅路16号靠近奥体篮球公园"
"华东区","福州分公司","祝新君","徐小丽","金融顾问","DM241225018","福州中盛宏辉汽车销售有限公司","福州中盛宏辉汽车销售有限公司","2025-03-03 14:26:52","2025-03-03 18:01:47","是","214","福建省福州市仓山区盖山镇天水路北侧利嘉海峡商业城12号馆一层编号18","福建省福州市仓山区齐安路利嘉汽车城一楼","展业地址","福建省福州市仓山区仁山路68号靠近利嘉国际商业城11号馆","福建省福州市仓山区仁山路与义序路交叉口南140米利嘉国际商业城","福建省福州市仓山区仁山路与义序路交叉口南140米利嘉国际商业城"
"华东区","福州分公司","罗鸣健","陈剑峰","金融顾问","DM240130042","福州吉诺吉途汽车销售有限公司","福州吉诺吉途汽车销售有限公司","2025-03-03 14:25:50","2025-03-03 15:08:30","是","42","福建省福州市仓山区盖山镇齐安路765号利嘉国际商业城（原海峡鞋城）1号楼西南侧一层、二层","福建省福州市仓山区盖山镇齐安路765号创丰园内","展业地址","福建省福州市仓山区齐安路齐安路","福建省福州市仓山区仁山支路767-33号靠近创丰园","福建省福州市仓山区盖山镇齐安路创丰园"
"华东区","福州分公司","祝新君","黄礼群","金融顾问","DM220428074","迅捷车行","福建省志捷汽车服务有限公司","2025-03-03 14:22:48","2025-03-03 15:39:31","是","76","福建省福州市闽侯县尚干镇新榕路1号海峡汽车文化广场一期汽车超市一层C111-1、C131商业","福建省福州市闽侯县福建省福州市闽侯县尚干镇新榕路1号海峡汽车文化广场一期汽车超市一层C111-1、C131商业","展业地址","福建省福州市闽侯县尚干镇海峡汽车文化广场车辆管理所业务大厅","福建省福州市闽侯县新榕路1号靠近海峡汽车文化广场","福建省福州市闽侯县奔驰大道1号楼靠近海峡汽车文化广场"
"华东区","福州分公司","罗鸣健","黄炎英","金融顾问","DM220217053","南台岛埃安汽车销售有限公司","福建南台岛埃安汽车销售服务有限公司","2025-03-03 14:19:25","2025-03-03 14:56:13","是","36","福建省福州市仓山区城门镇潘墩路88号8号楼","福建省福州市仓山区金洲北路海峡天翔体育文化创意园","展业地址","福建省福州市仓山区建新镇金岩路152号依强产业园","福建省福州市仓山区金岩路46号靠近马榕(地铁站)","福建省福州市仓山区金岩路46号靠近马榕(地铁站)"
"华东区","福州分公司","陈晨(易鑫融资租赁厦门分公司)","吴晓丽","金融顾问","DM190719028","南平佳腾汽车贸易有限公司","南平佳腾汽车贸易有限公司","2025-03-03 14:18:10","2025-03-03 15:05:53","是","47","福建省建瓯市东安路4号","福建省南平市建瓯市福建省建瓯市东安路4号","展业地址","福建省南平市建瓯市建安街道福建美亚福汽车销售服务有限公司","福建省南平市建瓯市靠近福建省公安厅交警总队南平高速公路支队二大队","福建省南平市建瓯市靠近福建省公安厅交警总队南平高速公路支队二大队"
"华东区","福州分公司","邓翘","郑春秀","金融顾问","DM190521049","福建省国友汽车销售服务有限公司","福建省国友汽车销售服务有限公司","2025-03-03 14:15:59","2025-03-03 14:47:41","是","31","福建省福州市闽侯县祥谦镇枕峰村祥宏北路236号","福建省福州市闽侯县祥谦镇枕峰村祥宏北路236号","展业地址","福建省福州市闽侯县祥谦镇324国道","福建省福州市闽侯县324国道21号靠近枕峰村","福建省福州市闽侯县324国道21号靠近枕峰村"
"华东区","福州分公司","邓翘","高云","金融顾问","DM0000015360","福建新闽泰汽车贸易有限公司","福建新闽泰汽车贸易有限公司","2025-03-03 14:13:21","2025-03-03 14:35:13","是","21","福建省福州市闽侯县尚干镇洋中村福厦路21KM+600M处","福建省福州市闽侯县福州市闽侯县尚干镇洋中村福厦路","展业地址","福建省福州市闽侯县尚干镇324国道","福建省福州市闽侯县324国道14号靠近祥谦派出所","福建省福州市闽侯县324国道324国道"
"华东区","福州分公司","邓翘","郑正利","金融顾问","DM221005006","顶流汽车","顶流（福建）汽车销售服务有限公司","2025-03-03 13:58:08","2025-03-03 14:32:15","是","34","福建省福州市闽侯县上街镇高新大道1-1号中海寰宇天下40#楼19层1907办公","福建省福州市仓山区仓山区福州海峡奥林匹克体育中心车诚汇汽车01办公室","展业地址","福建省福州市仓山区福湾路辅路16号靠近福州海峡奥林匹克体育中心体育场","福建省福州市仓山区福湾路辅路16号靠近奥体篮球公园","福建省福州市仓山区福湾路辅路16号靠近奥体篮球公园"
"华东区","福州分公司","罗鸣健","黄巧艳(易鑫融资租赁福州分公司-金融顾问)","金融顾问","DM230928027","宁德市嘉信行汽车销售有限公司","宁德市嘉信行汽车销售有限公司","2025-03-03 13:57:30","2025-03-03 15:28:16","是","90","福建省宁德市蕉城区城南镇院岗路1号2幢现代4S店","福建省宁德市蕉城区福建省宁德市蕉城区城南镇院岗路1号2幢现代4S店","展业地址","福建省宁德市蕉城区院岗路83号靠近鸿福豪门","福建省宁德市蕉城区院岗路1号靠近蕉城区人民法院","福建省宁德市蕉城区院岗路1号靠近蕉城区人民法院"
"华东区","福州分公司","祝新君","欧阳秀琴","金融顾问","DM240424148","惠临车行","福鼎市惠临二手车行","2025-03-03 13:54:17","2025-03-03 15:30:57","是","96","福建省宁德市福鼎市火车站货场二手车市场一排20号","福建省宁德市福鼎市闽浙二手车交易市场","展业地址","福建省宁德市福鼎市973县道973县道","福建省宁德市福鼎市973县道973县道","福建省宁德市福鼎市973县道973县道"
"华东区","福州分公司","邓翘","吴俊瑛","金融顾问","DM230203022","莆田美达","莆田美达汽车销售服务有限公司","2025-03-03 13:53:43","2025-03-03 14:37:43","是","44","福建省莆田市涵江区白塘镇城涵东大道707号","福建省莆田市涵江区白塘镇埭里村城涵西大道3338号","展业地址","福建省莆田市涵江区白塘镇城涵东大道欣嘉实业","福建省莆田市涵江区城涵东大道3280号靠近欣嘉实业","福建省莆田市涵江区城涵东大道3280号靠近欣嘉实业"
"华东区","福州分公司","罗鸣健","邓智琴","金融顾问","DM200119012","福州福万汽车贸易有限公司","福州福万汽车贸易有限公司","2025-03-03 13:52:28","2025-03-03 14:01:43","是","9","福建省福州市仓山区潘墩路8号福远汽车广场8-1","福建省福州市仓山区福建省福州市仓山区潘墩路8号福远汽车广场8-1","展业地址","福建省福州市仓山区城门镇潘墩路福州中宝汽车销售服务有限公司","福建省福州市仓山区潘墩路88-8号靠近天安驾校(仓山总校区)","福建省福州市仓山区潘墩路88-8号靠近天安驾校(仓山总校区)"
"华东区","福州分公司","祝新君","林阿顺","金融顾问","DM230330003","福建洋旭汽车服务有限公司","福建洋旭汽车服务有限公司","2025-03-03 13:36:04","2025-03-03 14:27:31","是","51","福建省福州市马尾区罗星路150号9#楼一层20店面（自贸试验区内）","福建省福州市仓山区仓山区仁山路靠近利嘉国际商业城9号馆","展业地址","福建省福州市仓山区仁山路靠近利嘉国际商业城9号馆","福建省福州市仓山区仁山路58号利嘉11号馆负二层利嘉国际商业城","福建省福州市仓山区仁山路58号利嘉11号馆负二层利嘉国际商业城"
"华东区","福州分公司","邓翘","陈晓健","金融顾问","DM181009071","福州厚升汽车销售有限公司","福州厚升汽车销售有限公司","2025-03-03 13:34:48","2025-03-03 14:22:50","是","48","福建省福州市闽侯县尚干镇祥通路11-2号","福建省福州市闽侯县尚干镇祥通路11-2号","展业地址","福建省福州市闽侯县尚干镇祥通路11-2号","福建省福州市闽侯县祥通路11-2号青口汽车城","福建省福州市闽侯县尚干镇祥通路11-2号青口汽车城"
"华东区","福州分公司","罗鸣健","陈剑峰","金融顾问","DM221124026","福州厚沣汽车销售有限公司","福州厚沣汽车销售有限公司","2025-03-03 13:33:48","2025-03-03 14:24:14","是","50","福建省福州市仓山区盖山镇齐安路765号2号楼厂房北侧2单元","福建省福州市仓山区福建省福州市仓山区仁山支路779号靠近创丰园","展业地址","福建省福州市仓山区仁山支路与齐安路交叉口东南20米创丰园","福建省福州市仓山区仁山支路765号靠近创丰园","福建省福州市仓山区仁山支路767-33号靠近创丰园"
"华东区","福州分公司","罗鸣健","方建荣","金融顾问","DM190125049","宁德昌鸿汽车销售有限公司","宁德昌鸿汽车销售有限公司","2025-03-03 13:29:21","2025-03-03 14:44:51","是","75","宁德市东侨经济开发区疏港路1号远德厂区1幢11号","福建省宁德市蕉城区疏港路1号漳湾工业园区","展业地址","福建省宁德市蕉城区金涵畲族乡疏港路1号漳湾工业园区","福建省宁德市蕉城区104国道1号靠近漳湾工业园区","福建省宁德市蕉城区104国道1号靠近漳湾工业园区"
"华东区","福州分公司","邓翘","郑正利","金融顾问","DM220815043","福州寅晟辉驰汽车贸易有限公司","福州寅晟辉驰汽车贸易有限公司","2025-03-03 13:12:25","2025-03-03 13:57:32","是","45","福州市马尾区马尾镇快洲路2号6#楼A-116厂房（自贸试验区内）","福建省福州市仓山区福州海峡奥林匹克体育中心车诚汇汽车02办公室","展业地址","福建省福州市仓山区福湾路辅路16号靠近福州海峡奥林匹克体育中心体育场","福建省福州市仓山区福湾路辅路16号靠近奥体篮球公园","福建省福州市仓山区福湾路辅路16号靠近奥体篮球公园"
"华东区","福州分公司","邓翘","陈晓健","金融顾问","DM240920029","福建奇瑞奇祥汽车销售服务有限公司闽侯星途分公司","福建奇瑞奇祥汽车销售服务有限公司闽侯星途分公司","2025-03-03 13:00:33","2025-03-03 13:33:04","是","32","福建省福州市闽侯县尚干镇新榕路1号汽车超市二层C区C210-C212","福建省福州市闽侯县福建省福州市闽侯县尚干镇新榕路1号汽车超市二层C区C210-C212","展业地址","福建省福州市闽侯县104国道海峡汽车文化广场","福建省福州市闽侯县新榕路1号海峡汽车文化广场超市3层C区海峡汽车文化广场","福建省福州市闽侯县尚干镇福州海峡旧机动车交易市场(中共尚干镇纪律检查委员会南)海峡汽车文化广场"
"华东区","福州分公司","陈晨(易鑫融资租赁厦门分公司)","吴云生","金融顾问","DM240517054","尤溪县事叶","尤溪县事叶有陈电动自行车经营部","2025-03-03 12:58:38","2025-03-03 13:35:20","是","36","福建省尤溪县城关镇七五路130-22号","福建省三明市尤溪县福建省尤溪县城关镇七五路130-22号","展业地址","福建省三明市尤溪县城西大道343号靠近尤溪县道路交通施救中心","福建省三明市尤溪县城关镇环城路343号中国石油尤溪加油站","福建省三明市尤溪县城关镇环城路343号中国石油尤溪加油站"
"华东区","福州分公司","邓翘","陈晓健","金融顾问","DM240920019","福建奇瑞奇祥汽车销售服务有限公司福州捷途分公司","福建奇瑞奇祥汽车销售服务有限公司福州捷途分公司","2025-03-03 12:53:06","2025-03-03 12:59:42","是","6","福建省福州市闽侯县尚干镇新榕路1号汽车超市二层C区C206-C209","福建省福州市闽侯县福建省福州市闽侯县尚干镇新榕路1号汽车超市二层C区C206-C209","展业地址","福建省福州市闽侯县104国道海峡汽车文化广场","福建省福州市闽侯县尚干镇海峡汽车文化广场","福建省福州市闽侯县新榕路1号海峡汽车文化广场超市3层C区海峡汽车文化广场"
"华东区","福州分公司","陈晨(易鑫融资租赁厦门分公司)","池绯绯","金融顾问","DM0000000023","三明鹭翔汽车销售服务有限公司","三明鹭翔汽车销售服务有限公司","2025-03-03 12:51:25","2025-03-03 15:34:13","是","162","三明市梅列区陈大镇德安工业区18号（翁墩物流园）","福建省三明市梅列区三明市梅列区陈大镇德安工业园18号","展业地址","福建省三明市梅列区陈大镇三明五菱公司翁墩物流工业园","福建省三明市三元区双拥路56号靠近三明市计量所","福建省三明市三元区陈大镇翁墩物流工业园"
"华东区","福州分公司","罗鸣健","黄巧艳(易鑫融资租赁福州分公司-金融顾问)","金融顾问","DM201229001","宁德盈众汽车有限公司","宁德盈众汽车有限公司","2025-03-03 12:29:43","2025-03-03 13:41:13","是","71","福建省宁德市东侨经济开发区福瑶路8号","福建省宁德市蕉城区东侨经济开发区塔南工业园区广福路6号","展业地址","福建省宁德市蕉城区东侨开发区万安东路德润·万象城","福建省宁德市蕉城区万安东路8号靠近德润·尚街","福建省宁德市蕉城区万安东路2号靠近德润·尚街"
"华东区","福州分公司","邓翘","郑正利","金融顾问","DM200715037","致腾汽车","福州市致腾汽车销售服务有限公司","2025-03-03 12:06:26","2025-03-03 12:22:13","是","15","福建省福州市闽侯县青口镇农光路68号中建花园5#楼1层82商业服务网点（农光路68-17号）","福建省福州市仓山区潘墩路105号福建海峡车辆交易市场","展业地址","福建省福州市仓山区潘墩路182号靠近滴滴出行司机中心(福州潘墩路店)","福建省福州市仓山区潘墩路186号靠近沙县小吃(潘墩店)","福建省福州市仓山区潘墩路190号靠近城门镇政府干部教师楼"
"华东区","福州分公司","罗鸣健","邓智琴","金融顾问","DM231005006","幸福车源头（福建）汽车销售有限公司","幸福车源头（福建）汽车销售有限公司","2025-03-03 12:01:21","2025-03-03 13:50:51","是","109","福建省福州市仓山区城门镇潘墩路190号-583（自贸试验区内）","福建省福州市仓山区福卡广场二楼","展业地址","福建省福州市仓山区大浦路2-22号靠近安德大厦","福建省福州市仓山区大浦路2-13号靠近安德大厦","福建省福州市仓山区城门镇安德大厦"
"华东区","福州分公司","邓翘","郑正利","金融顾问","DM240516021","福州聚玖","福州聚玖汽车销售有限公司","2025-03-03 11:58:15","2025-03-03 12:05:28","是","7","福建省闽侯县上街镇高新大道66号清华紫光浦上商业小镇（现：紫光浦上商业广场）B5#楼9层918SOHO办公","福建省福州市仓山区潘墩路华夏汽车城","展业地址","福建省福州市仓山区潘墩路188号靠近城门镇政府干部教师楼","福建省福州市仓山区潘墩路190号靠近沙县小吃(潘墩店)","福建省福州市仓山区潘墩路192号靠近城门镇政府干部教师楼"
"华东区","福州分公司","罗鸣健","邓智琴","金融顾问","DM0000005028","福州长安汽车销售有限公司","福州长安汽车销售有限公司","2025-03-03 11:49:35","2025-03-03 12:00:45","是","11","福州市闽侯县尚干镇祥通路11-2号","福建省福州市仓山区南三环路118号榕泰新能源汽车小镇安德大厦旁边","展业地址","福建省福州市仓山区南三环路2-13号靠近安德大厦","福建省福州市仓山区南三环路2-13号靠近安德大厦","福建省福州市仓山区大浦路2-13号靠近安德大厦"
"华东区","福州分公司","罗鸣健","陈剑峰","金融顾问","DM190304071","福州宾联汽车服务有限公司","福州宾联汽车服务有限公司","2025-03-03 11:48:37","2025-03-03 13:14:21","是","85","福州市仓山区则徐大道323号","福建省福州市仓山区福州市仓山区则徐大道329号","展业地址","福建省福州市仓山区则徐大道329号靠近中兴商厦","福建省福州市仓山区则徐大道259号靠近集祥天地","福建省福州市仓山区盖山镇广汽丰田宾联店广汽丰田4s店(宾联广汽丰田店)"
"华东区","福州分公司","张炎红","罗鸣健","金融经理","DM250213025","福州星航路汽车","福州星航路汽车服务有限公司","2025-03-03 11:40:26","2025-03-03 14:01:47","是","141","福建省福州市闽侯县青口镇壶山村陶精路3号千家花园1#楼1层28店面（陶精路3-24）","福建省福州市仓山区高台路祥龙汽车产业园","展业地址","福建省福州市仓山区高台路4号靠近都会华彩","福建省福州市仓山区高台路4号靠近都会华彩","福建省福州市仓山区三环铺路48号靠近融信白宫A区"
"华东区","福州分公司","邓翘","吴俊瑛","金融顾问","DM0000013203","莆田市兴龙汽车销售服务有限公司","莆田市兴龙汽车销售服务有限公司","2025-03-03 11:36:01","2025-03-03 12:40:25","是","64","福建省莆田市荔城区西天尾镇城涵西大道2736号","福建省莆田市涵江区莆田市涵江区埭里工业区","展业地址","福建省莆田市荔城区城涵东大道1971号靠近大桥头","福建省莆田市荔城区城涵东大道1973号靠近荔涵年检站","福建省莆田市荔城区城涵西大道1971号靠近莆田市成进鞋业"
"华东区","福州分公司","邓翘","谢文武","金融顾问","DM200527023","莆田市汇城达汽车贸易有限公司","莆田市汇城达汽车贸易有限公司","2025-03-03 11:32:31","2025-03-03 15:59:59","是","267","福建省莆田市荔城区西天尾镇龙山村大桥头32号","福建省莆田市荔城区福建省莆田市荔城区西天尾镇龙山村大桥头32号","展业地址","福建省莆田市荔城区城涵东大道3001正靠近莆田市成进鞋业","福建省莆田市荔城区城涵东大道城涵东大道","福建省莆田市荔城区城涵东大道3355号靠近老川味菜馆(城涵东大道店)"
"华东区","福州分公司","罗鸣健","邓智琴","金融顾问","DM200729020","福州华诺风神汽车销售服务有限公司","福州华诺风神汽车销售服务有限公司","2025-03-03 11:31:55","2025-03-03 11:37:24","是","5","福建省福州市仓山区盖山镇齐安路769号利嘉国际商贸城B座05号店面","福建省福州市仓山区福建省福州市仓山区盖山镇齐安路769号利嘉国际商贸城B座05号店面","展业地址","福建省福州市仓山区盖山镇青云鞋行(天水路)利嘉国际商业城","福建省福州市仓山区天水路769号靠近创丰园","福建省福州市仓山区天水路769号靠近创丰园"
"华东区","福州分公司","罗鸣健","黄巧艳(易鑫融资租赁福州分公司-金融顾问)","金融顾问","DM221111051","宁德联盛车业有限公司","宁德联盛车业有限公司","2025-03-03 11:27:54","2025-03-03 11:58:26","是","30","宁德市东侨经济开发区古溪路1号泰禾红树林S1a#103号店","福建省宁德市蕉城区宁德市东侨经济开发区古溪路1号泰禾红树林S1a#103号店","展业地址","福建省宁德市蕉城区东侨开发区华溪路泰禾-红树林","福建省宁德市蕉城区华溪路2号靠近泰禾·红树林","福建省宁德市蕉城区华溪路2号靠近泰禾·红树林"
"华东区","福州分公司","陈晨(易鑫融资租赁厦门分公司)","廖春娣","金融顾问","DM211009022","沙县易通二手车贸易有限公司","沙县易通二手车贸易有限公司","2025-03-03 11:26:44","2025-03-03 15:23:50","是","237","福建省三明市沙县区虬江水东路12-15号","福建省三明市沙县福建省三明市沙县区虬江水东路12-15号","展业地址","福建省三明市沙县区金古园开发区水东路三明汽车城","福建省三明市沙县区水东路30-4号靠近三明汽车城","福建省三明市沙县区虬江街道水东路30-4号三明汽车城"
"华东区","福州分公司","罗鸣健","邓智琴","金融顾问","DM230419062","福建佳途汽车销售有限公司","福建佳途汽车销售有限公司","2025-03-03 11:15:17","2025-03-03 11:27:28","是","12","福建省福州市仓山区齐安路769号利嘉国际商业城利嘉亚太汽配市场二区8座01号商铺","福建省福州市仓山区仓山区仁山支路与齐安路交叉口东120米创丰园旁边","展业地址","福建省福州市仓山区仁山支路783号靠近创丰园","福建省福州市仓山区仁山支路775号靠近创丰园","福建省福州市仓山区仁山支路775号靠近创丰园"
"华东区","福州分公司","罗鸣健","黄丽钗","金融顾问","DM240121017","福州车中宝汽车信息咨询有限公司","福州车中宝汽车信息咨询有限公司","2025-03-03 11:13:26","2025-03-03 12:30:46","是","77","福建省福州市永泰县葛岭镇数字永泰产业园内智慧广场C栋裙楼221室","福建省福州市仓山区仁山路利嘉国际商业城7B馆","展业地址","福建省福州市仓山区仁山路利嘉国际商业城","福建省福州市仓山区盖山镇天水路15-9号利嘉国际商业城","福建省福州市仓山区盖山镇天水路15-9号利嘉国际商业城"
"华东区","福州分公司","张炎红","罗鸣健","金融经理","DM200927025","福州仓山埃安汽车销售服务有限公司","福州仓山埃安汽车销售服务有限公司","2025-03-03 11:10:32","2025-03-03 11:33:20","是","22","福建省福州市仓山区高旺路6号研发中心一楼","福建省福州市仓山区高旺路6号吉诺汽车城","展业地址","福建省福州市仓山区盖山镇吉诺学院","福建省福州市仓山区高南路6号靠近供销电商大厦","福建省福州市仓山区高旺路9号靠近桔子公寓"
"华东区","福州分公司","陈晨(易鑫融资租赁厦门分公司)","廖春娣","金融顾问","DM250217018","三明市沙县区汇兴汽车贸易有限公司","三明市沙县区汇兴汽车贸易有限公司","2025-03-03 11:08:39","2025-03-03 11:25:37","是","16","福建省三明市沙县区虬江水东路14-5号","福建省三明市沙县福建省三明市沙县区虬江水东路14-5号","展业地址","福建省三明市沙县区水东路14号三明汽车城","福建省三明市沙县区水东路30-4号靠近三明汽车城","福建省三明市沙县区虬江街道水东路30-4号三明汽车城"
"华东区","福州分公司","邓翘","谢文武","金融顾问","DM240125007","莆田市鑫鑫奋发汽车贸易有限公司","莆田市鑫鑫奋发汽车贸易有限公司","2025-03-03 11:04:59","2025-03-03 11:30:56","是","25","福建省莆田市荔城区西天尾镇城涵西大道2688号","福建省莆田市荔城区西天尾镇城涵西大道2688号","展业地址","福建省莆田市荔城区城涵东大道1963号靠近大桥头","福建省莆田市荔城区城涵东大道城涵东大道","福建省莆田市荔城区城涵东大道城涵东大道"
"华东区","福州分公司","邓翘","高云","金融顾问","DM240117077","福建华奥智源汽车销售有限公司","福建华奥智源汽车销售有限公司","2025-03-03 11:03:26","2025-03-03 12:08:56","是","65","福建省福州市闽侯县尚干镇良安路20号","福建省福州市闽侯县尚干镇良安路20号","展业地址","福建省福州市闽侯县尚干镇祥通路40号福建榕泰唯星汽车产业有限公司","福建省福州市闽侯县良安路14号靠近福州天鑫产业园","福建省福州市闽侯县良安路20号靠近福州天鑫产业园"
"华东区","福州分公司","张炎红","祝新君","金融经理","DM210810054","福州家旭汽车维修服务有限公司","福州家旭汽车维修服务有限公司","2025-03-03 11:01:46","2025-03-03 11:46:25","是","44","福建省福州市仓山区建新镇百花洲路41号金山工业集中区浦上片仓山园27号一层B区","福建省福州市仓山区福建省福州市仓山区建新镇百花洲路41号金山工业集中区浦上片仓山园27号一层B区","展业地址","福建省福州市仓山区建新镇百花洲路福州麦顶学园(冠浦路)","福建省福州市仓山区百花洲路43-1号靠近静远大楼","福建省福州市仓山区百花洲路43-1号靠近静远大楼"
"华东区","福州分公司","祝新君","陈桂榕","金融顾问","DM210810054","福州家旭汽车维修服务有限公司","福州家旭汽车维修服务有限公司","2025-03-03 11:00:44","2025-03-03 11:33:15","是","32","福建省福州市仓山区建新镇百花洲路41号金山工业集中区浦上片仓山园27号一层B区","福建省福州市仓山区福建省福州市仓山区建新镇百花洲路41号金山工业集中区浦上片仓山园27号一层B区","展业地址","福建省福州市仓山区建新镇百花洲路福州麦顶学园(冠浦路)","福建省福州市仓山区百花洲路43-1号靠近静远大楼","福建省福州市仓山区百花洲路43-1号靠近静远大楼"
"华东区","福州分公司","张炎红","陈晨(易鑫融资租赁厦门分公司)","金融经理","DM231214023","三明市沙县福顺汽车销售服务有限公司","三明市沙县福顺汽车销售服务有限公司","2025-03-03 10:41:52","2025-03-03 13:40:15","是","178","福建省三明市沙县区虬江水东路24-7号","福建省三明市沙县福建省三明市沙县区虬江水东路24-7号","展业地址","福建省三明市沙县区水东路三明汽车城","福建省三明市沙县区水东路24-1号三明汽车城","福建省三明市沙县区水东路24-1号三明汽车城"
"华东区","福州分公司","邓翘","高云","金融顾问","DM210629035","福州厚元汽车服务有限公司","福州厚元汽车服务有限责任公司","2025-03-03 10:41:03","2025-03-03 11:01:41","是","20","福建省福州市闽侯县尚干镇良安路20号1#办公楼等7幢房屋","福建省福州市闽侯县尚干镇良安路20号1#办公楼7幢房屋","展业地址","福建省福州市闽侯县尚干镇良安路20号","福建省福州市闽侯县良安路20号靠近蓝脚盛工业区","福建省福州市闽侯县良安路20号靠近蓝脚盛工业区"
"华东区","福州分公司","陈晨(易鑫融资租赁厦门分公司)","池绯绯","金融顾问","DM240919023","三明鑫众源汽车销售服务有限公司","三明鑫众源汽车销售服务有限公司","2025-03-03 10:36:52","2025-03-03 12:50:55","是","134","福建省三明市三元区陈大镇德安工业区7号1幢207室","福建省三明市三元区福建省三明市三元区陈大镇德安工业区7号1幢207室","展业地址","福建省三明市三元区双拥路56号靠近三明市计量所","福建省三明市三元区双拥路56号靠近三明市计量所","福建省三明市三元区双拥路56号靠近三明市计量所"
"华东区","福州分公司","陈晨(易鑫融资租赁厦门分公司)","廖春娣","金融顾问","DM240506010","三明市车骏大贸易有限公司","三明市车骏大贸易有限公司","2025-03-03 10:36:09","2025-03-03 11:07:30","是","31","福建省三明市沙县区虬江水东路8-6号","福建省三明市沙县福建省三明市沙县区虬江水东路8-6号","展业地址","福建省三明市沙县区洋坊汽车园1号楼101号3-4层三明汽车城","福建省三明市沙县区水东路30-4号靠近三明汽车城","福建省三明市沙县区水东路30-4号靠近三明汽车城"
"华东区","福州分公司","陈晨(易鑫融资租赁厦门分公司)","吴云生","金融顾问","DM190325017","三明鑫汇达诚汽车贸易有限公司","三明鑫汇达诚汽车贸易有限公司","2025-03-03 10:31:40","2025-03-03 11:38:50","是","67","福建省三明市尤溪县西城镇闽中兄弟现代物流城","福建省三明市尤溪县福建省三明市尤溪县西城镇闽中兄弟现代物流城","展业地址","福建省三明市尤溪县城西大道与七五路交叉口北20米尤溪县道路交通施救中心","福建省三明市尤溪县城关镇环城路343号中国石油尤溪加油站","福建省三明市尤溪县城关镇环城路343号中国石油尤溪加油站"
"华东区","福州分公司","罗鸣健","黄炎英","金融顾问","DM200927025","福州仓山埃安汽车销售服务有限公司","福州仓山埃安汽车销售服务有限公司","2025-03-03 10:30:53","2025-03-03 11:49:15","是","78","福建省福州市仓山区高旺路6号研发中心一楼","福建省福州市仓山区高旺路6号吉诺汽车城","展业地址","福建省福州市仓山区盖山镇吉诺学院","福建省福州市仓山区高旺路7号靠近桔子公寓","福建省福州市仓山区盖山镇高旺路6号"
"华东区","福州分公司","祝新君","李岳华","金融顾问","DM200611046","宁德市汇享汽车服务有限公司","宁德市汇享汽车服务有限公司","2025-03-03 10:22:46","2025-03-03 12:24:04","是","121","福建省宁德市福安市天马汽车城3幢1号店","福建省宁德市福安市天马汽车城3幢1号店","展业地址","福建省宁德市福安市城南街道广场南路201号天马山庄","福建省宁德市福安市金山南路与湖滨南路交叉口东北120米南湖花园C区","福建省宁德市福安市金山南路与湖滨南路交叉口东北120米南湖花园C区"
"华东区","福州分公司","罗鸣健","黄炎英","金融顾问","DM0000015409","福建宏文阳光新能源汽车有限公司","福建宏文阳光新能源汽车有限公司","2025-03-03 10:20:59","2025-03-03 10:30:11","是","9","福建省福州市仓山区高旺路6号一层","福建省福州市仓山区福建省福州市仓山区高台路","展业地址","福建省福州市仓山区盖山镇高旺路吉诺学院","福建省福州市仓山区高旺路7号靠近桔子公寓","福建省福州市仓山区高旺路7号靠近桔子公寓"
"华东区","福州分公司","邓翘","谢文武","金融顾问","DM220413068","莆田市荔城埃安汽车销售服务有限公司","莆田市荔城埃安汽车销售服务有限公司","2025-03-03 10:16:21","2025-03-03 10:41:32","是","25","福建省莆田市荔城区西天尾镇城涵西大道2188号","福建省莆田市荔城区福建省莆田市荔城区西天尾镇城涵西大道2188号","展业地址","福建省莆田市荔城区西天尾镇城涵西大道2188号","福建省莆田市荔城区城涵西大道城涵西大道","福建省莆田市荔城区西天尾镇城涵西大道中国石油南少林加油站"
"华东区","福州分公司","罗鸣健","邓智琴","金融顾问","DM230921025","福州福兴迪汽车销售有限公司","福州福兴迪汽车销售有限公司","2025-03-03 10:15:46","2025-03-03 10:21:28","是","5","福建省福州市马尾区马尾镇兴业东路160号纸板车间一层A区（自贸试验区内）","福建省福州市马尾区马尾镇兴业东路160号纸板车间一层A区（自贸试验区内）","展业地址","福建省福州市马尾区兴业路16号靠近科技园区警务室","福建省福州市马尾区兴业路160号靠近科技园区警务室","福建省福州市马尾区兴业路160号靠近科技园区警务室"
"华东区","福州分公司","陈晨(易鑫融资租赁厦门分公司)","池绯绯","金融顾问","DM0000008539","三明市万通经贸有限公司","三明市万通经贸有限公司","2025-03-03 10:14:53","2025-03-03 10:36:22","是","21","福建省三明市梅列区陈大镇德安工业区23号","福建省三明市梅列区福建省三明市高速北引线西侧1号店","展业地址","福建省三明市梅列区陈大镇三明五菱公司翁墩物流工业园","福建省三明市三元区东乾二路56号靠近翁墩物流工业园","福建省三明市三元区双拥路56号靠近三明市计量所"
"华东区","福州分公司","邓翘","郑春秀","金融顾问","DM250220057","福州森帝汽车销售服务有限公司","福州森帝汽车销售服务有限公司","2025-03-03 10:09:35","2025-03-03 10:25:35","是","15","福建省福州市闽侯县祥谦镇枕峰村祥宏北路238号","福建省福州市闽侯县福建省福州市闽侯县祥谦镇枕峰村祥宏北路238号","展业地址","福建省福州市闽侯县324国道21号靠近枕峰村","福建省福州市闽侯县324国道21号靠近枕峰村","福建省福州市闽侯县324国道21号靠近枕峰村"
"华东区","福州分公司","陈晨(易鑫融资租赁厦门分公司)","康礼青","金融顾问","DM210803105","南平市建阳区远华汽车贸易有限公司","南平市建阳区远华汽车贸易有限公司","2025-03-03 10:08:38","2025-03-03 10:42:06","是","33","南平市建阳区潭城街道建平大道258#号店面","福建省南平市建阳市童游大街万达广场","展业地址","福建省南平市建阳区童游大街万达广场","福建省南平市建阳区童游大街141号靠近国家税务总局南平市税务局","福建省南平市建阳区童游大街141号靠近国家税务总局南平市税务局"
"华东区","福州分公司","邓翘","郑春秀","金融顾问","DM190521049","福建省国友汽车销售服务有限公司","福建省国友汽车销售服务有限公司","2025-03-03 09:59:28","2025-03-03 10:06:02","是","6","福建省福州市闽侯县祥谦镇枕峰村祥宏北路236号","福建省福州市闽侯县祥谦镇枕峰村祥宏北路236号","展业地址","福建省福州市闽侯县祥谦镇324国道","福建省福州市闽侯县324国道21号靠近枕峰村","福建省福州市闽侯县324国道21号靠近枕峰村"
"华东区","福州分公司","陈晨(易鑫融资租赁厦门分公司)","池绯绯","金融顾问","DM201223009","三明市旗展汽车销售服务有限公司","三明市旗展汽车销售服务有限公司","2025-03-03 09:54:35","2025-03-03 10:12:46","是","18","三明市梅列区陈大镇德安工业园16号一号","福建省三明市梅列区陈大镇德安工业园16号一号","展业地址","福建省三明市梅列区陈大镇东风日产三明中升华荣专营店翁墩物流工业园","福建省三明市三元区东乾二路56号靠近翁墩物流工业园","福建省三明市三元区东乾二路56号靠近翁墩物流工业园"
"华东区","福州分公司","罗鸣健","黄丽钗","金融顾问","DM221013003","中创华丰（福建）汽车销售有限公司","中创华丰（福建）汽车销售有限公司","2025-03-03 09:53:12","2025-03-03 10:46:31","是","53","福建省福州市仓山区林浦路与潘墩路交汇处E6#楼第16层07房间（自贸试验区内）","福建省福州市仓山区仓山区盖山镇双湖三路3号福卡广场","分店","福建省福州市仓山区齐安路155号工业品物联网产业园(建设中)","福建省福州市仓山区义序路义序路","福建省福州市仓山区义序路义序路"
"华东区","福州分公司","罗鸣健","陈剑峰","金融顾问","DM240505011","福州福峡昊铂汽车销售服务有限公司","福州福峡昊铂汽车销售服务有限公司","2025-03-03 09:44:33","2025-03-03 11:43:33","是","119","福建省福州市仓山区大浦路12号安腾商业广场（一区）新能源汽车产业园18地块11号楼1层09店面","福建省福州市仓山区仓山区大浦路12号安腾商业广场（一区）新能源汽车产业园18地块11号楼1层09店面","展业地址","福建省福州市仓山区福峡路386号靠近安德大厦","福建省福州市仓山区南三环路386号靠近安德大厦","福建省福州市仓山区城门镇安悦中心榕泰新能源汽车小镇"
"华东区","福州分公司","祝新君","张建峰","金融顾问","DM220615052","众行汽贸","宁德市蕉城区城南兴融汽车修理厂","2025-03-03 09:43:18","2025-03-03 11:10:16","是","86","福建省宁德市蕉城区鹤峰路西侧院后坪（报恩寺南侧）B区88号","福建省宁德市蕉城区福建省宁德市蕉城区鹤峰路西侧院后坪（报恩寺南侧）B区88号","展业地址","福建省宁德市蕉城区广福路宁德","福建省宁德市蕉城区广福路1号靠近金港名都","福建省宁德市蕉城区广福路1号靠近金港名都"
"华东区","福州分公司","罗鸣健","黄炎英","金融顾问","DM250108008","福建万商名车（睿蓝汽车）","福建万商名车汽车销售有限公司","2025-03-03 09:40:13","2025-03-03 10:13:40","是","33","福建省福州市仓山区则徐大道481号商服用房（4S）一楼B区","福建省福州市仓山区仓山区则徐大道481号","展业地址","福建省福州市仓山区则徐大道383号靠近葫芦阵(地铁站)","福建省福州市仓山区则徐大道383号靠近葫芦阵(地铁站)","福建省福州市仓山区则徐大道383号靠近葫芦阵(地铁站)"
"华东区","福州分公司","罗鸣健","陈剑峰","金融顾问","DM210629035","福州厚元汽车服务有限公司","福州厚元汽车服务有限责任公司","2025-03-03 09:32:56","2025-03-03 09:39:52","是","6","福建省福州市闽侯县尚干镇良安路20号1#办公楼等7幢房屋","福建省福州市闽侯县尚干镇良安路20号1#办公楼7幢房屋","其他","福建省福州市仓山区大浦路6号靠近海西·佰悦城","福建省福州市仓山区南三环路96号靠近海西·佰悦城","福建省福州市仓山区南三环路386号靠近安腾国际广场"
"华东区","福州分公司","罗鸣健","黄炎英","金融顾问","DM241024086","万商212越野车","福建万商平治汽车销售有限公司","2025-03-03 09:31:51","2025-03-03 09:39:37","是","7","福建省福州市仓山区则徐大道481号商服用房（4S）一楼C区","福建省福州市仓山区则徐大道481-1号","展业地址","福建省福州市仓山区则徐大道383号靠近葫芦阵(地铁站)","福建省福州市仓山区则徐大道383号靠近葫芦阵(地铁站)","福建省福州市仓山区则徐大道383号靠近葫芦阵(地铁站)"
"华东区","福州分公司","罗鸣健","陈剑峰","金融顾问","DM230418024","福州聚禧汽车销售有限公司","福州聚禧汽车销售有限公司","2025-03-03 09:27:14","2025-03-03 09:32:20","是","5","福建省福州市仓山区盖山投资区高台路8-1号1层101","福建省福州市仓山区海西佰悦城长安4s店","展业地址","福建省福州市仓山区南三环路118号靠近海西·佰悦城","福建省福州市仓山区南三环路96号靠近海西·佰悦城","福建省福州市仓山区南三环路96号靠近海西·佰悦城"
"华东区","福州分公司","罗鸣健","黄丽钗","金融顾问","DM210629035","福州厚元汽车服务有限公司","福州厚元汽车服务有限责任公司","2025-03-03 09:25:11","2025-03-03 09:47:51","是","22","福建省福州市闽侯县尚干镇良安路20号1#办公楼等7幢房屋","福建省福州市闽侯县尚干镇良安路20号1#办公楼7幢房屋","其他","福建省福州市仓山区大浦路6号靠近海西·佰悦城","福建省福州市仓山区南三环路与福峡路交叉口西南240米海西·佰悦城","福建省福州市仓山区南三环路386号靠近安德大厦"
"华东区","福州分公司","罗鸣健","黄巧艳(易鑫融资租赁福州分公司-金融顾问)","金融顾问","DM220529013","宁德体验中心德润广场店","福建橙跑汽车销售服务有限责任公司","2025-03-03 09:24:38","2025-03-03 10:53:44","是","89","福建省宁德市东侨经济开发区郑岐路1号","福建省宁德市蕉城区福建省宁德市东侨经济开发区万安东路6号德润广场二期9号楼一层F118","分店","福建省宁德市蕉城区郑岐路43号靠近远东宿舍","福建省宁德市蕉城区郑岐路39号靠近远东宿舍","福建省宁德市蕉城区七都镇零跑汽车(宁德体验中心疏港路店)比亚迪宁德兆鸿店"
"华东区","福州分公司","罗鸣健","罗建梅","金融顾问","DM240320069","福州市万润泰汽车销售有限公司","福州市万润泰汽车销售有限公司","2025-03-03 09:22:26","2025-03-03 09:34:44","是","12","福建省福州市仓山区盖山镇高仕路5号福州金兴机电有限公司办公大楼","福建省福州市仓山区盖山镇高仕路5号福州金兴机电有限公司办公大楼","展业地址","福建省福州市仓山区高仕路5号福州金兴机电有限公司","福建省福州市仓山区高仕路高仕路","福建省福州市仓山区高仕路高仕路"
"华东区","福州分公司","邓翘","邱贵辰","金融顾问","DM0000015413","莆田市志强汽车贸易有限公司","莆田市志强汽车贸易有限公司","2025-03-03 09:21:28","2025-03-03 10:02:54","是","41","福建省莆田市华林经济开发区","福建省莆田市荔城区莆田市华林经济开发区","分店","福建省莆田市荔城区城涵西大道1780号靠近莆田易通宝贸易有限公司","福建省莆田市荔城区城涵西大道1780号靠近荔城交警大队车辆管理所","福建省莆田市荔城区城涵西大道1780号靠近至诚汽车"
"华东区","福州分公司","张炎红","邓翘","金融经理","DM240923056","福州远必达新能源科技有限公司","福州远必达新能源科技有限公司","2025-03-03 09:14:38","2025-03-03 12:01:44","是","167","福建省福州市仓山区临江街道朝阳路167号福晟朝阳A区7#楼四层55室","福建省福州市仓山区临江街道朝阳路167号福晟朝阳A区7#楼四层55室","展业地址","福建省福州市仓山区阳歧路阳歧路","福建省福州市仓山区阳歧路60号靠近顾得轻社区","福建省福州市仓山区二环快速1号靠近双湖高架桥"
"华东区","福州分公司","罗鸣健","罗建梅","金融顾问","DM230111008","福州敢揽汽车销售服务有限公司","福州敢揽汽车销售服务有限公司","2025-03-03 09:08:09","2025-03-03 09:18:59","是","10","福建省福州市仓山区城门镇潘墩路190号-520（自贸试验区内）","福建省福州市仓山区高士路盖山投资区保时捷中心对面","展业地址","福建省福州市仓山区高仕路高仕路","福建省福州市仓山区高仕路高仕路","福建省福州市仓山区高仕路高仕路"
"华东区","福州分公司","罗鸣健","黄丽钗","金融顾问","DM240417039","福州中科瑞捷汽车销售服务有限公司","福州中科瑞捷汽车销售服务有限公司","2025-03-03 09:03:33","2025-03-03 09:23:54","是","20","福建省福州市仓山区大浦路12号安腾商业广场（一区）新能源汽车产业园18号地块6号楼1层03店面","福建省福州市仓山区大浦路12号安腾商业广场（一区）新能源汽车产业园18号地块6号楼1层03店面","展业地址","福建省福州市仓山区城峰路与南三环路交叉路口往东南约50米海西·佰悦城","福建省福州市仓山区大浦路与福峡路交叉口西南280米海西·佰悦城","福建省福州市仓山区大浦路与福峡路交叉口西南280米海西·佰悦城"
"华东区","福州分公司","陈晨(易鑫融资租赁厦门分公司)","苏儒宏","金融顾问","DM220314115","南平市建阳区鑫通达汽车贸易有限公司","南平市建阳区鑫通达汽车贸易有限公司","2025-03-03 09:01:17","2025-03-03 10:02:07","是","60","南平市建阳区嘉禾北路724、726、728号店","福建省南平市建阳市南平市建阳区嘉禾北路519-520号","展业地址","福建省南平市建阳区童游街道嘉禾北路451号南平百渡宾馆","福建省南平市建阳区嘉禾北路嘉禾北路","福建省南平市建阳区童游街道嘉禾北路"
"华东区","福州分公司","罗鸣健","黄炎英","金融顾问","DM240522093","福州宜特行汽车","福州宜特行汽车服务有限公司","2025-03-03 09:00:39","2025-03-03 09:06:29","是","5","福建省福州市鼓楼区洪山镇梅兰路9号仁文·大儒世家1#、3#楼连接体1层06店面","福建省福州市闽侯县元峰村与旗山大道交叉口西南280号","展业地址","福建省福州市闽侯县元峰路9号靠近福晟·印江南","福建省福州市闽侯县元峰路7号靠近福晟·印江南","福建省福州市闽侯县元峰路19号靠近福州高新区南屿中心小学元峰分校"
"华东区","福州分公司","陈晨(易鑫融资租赁厦门分公司)","池绯绯","金融顾问","DM230426028","三明市名逸汽车贸易有限公司","三明市名逸汽车贸易有限公司","2025-03-03 09:00:19","2025-03-03 09:14:09","是","13","福建省三明市三元区新市南路99号5幢一层79号（永嘉天地）","福建省三明市三元区福建省三明市三元区新市南路99号5幢一层79号（永嘉天地","展业地址","福建省三明市三元区工业南路95号工业南路95号","福建省三明市三元区工业南路95号靠近三明站(进站口)","福建省三明市三元区白沙街道工业南路95号"
"华东区","福州分公司","陈晨(易鑫融资租赁厦门分公司)","吴云生","金融顾问","DM240307165","三明奥达创世汽车销售服务有限公司","三明奥达创世汽车销售服务有限公司","2025-03-03 08:59:23","2025-03-03 08:59:33","否","0","福建省三明市三元区新市北路999号新城财富广场3幢负一层","福建省三明市三元区江滨路1780号4号","展业地址","福建省三明市三元区江滨路1772号靠近三明市博物馆","福建省三明市三元区徐碧街道江滨路三明体育中心","福建省三明市三元区江滨路1772号靠近三明体育中心"
"华东区","福州分公司","祝新君","黄晓镇","金融顾问","DM210811003","福州市仓山区鑫鑫车缘汽车信息咨询服务部","福州市仓山区鑫鑫车缘汽车信息咨询服务部","2025-03-03 08:57:50","2025-03-03 16:35:39","是","457","福建省福州市仓山区建新镇闽江大道90号滨江丽景临江园8号楼1层01店面","福建省福州市仓山区双湖三路27号福卡广场","展业地址","福建省福州市仓山区双湖三路3号福卡广场","福建省福州市仓山区盖山镇福卡广场","福建省福州市仓山区盖山镇福卡广场"
"华东区","福州分公司","邓翘","张丰","金融顾问","DM181009071","福州厚升汽车销售有限公司","福州厚升汽车销售有限公司","2025-03-03 08:56:44","2025-03-03 10:49:11","是","112","福建省福州市闽侯县尚干镇祥通路11-2号","福建省福州市闽侯县尚干镇祥通路11-2号","展业地址","福建省福州市闽侯县尚干镇祥通路11-2号","福建省福州市闽侯县尚干镇福州厚升汽车销售有限公司青口汽车城","福建省福州市闽侯县祥通路13号青口汽车城"
"华东区","福州分公司","陈晨(易鑫融资租赁厦门分公司)","吴晓丽","金融顾问","DM211021045","南平市风行汽车销售有限公司","南平市风行汽车销售有限公司","2025-03-03 08:55:07","2025-03-03 09:56:04","是","60","福建省建瓯市东安路3-1号","福建省南平市建瓯市福建省建瓯市东安路3-1","展业地址","福建省南平市建瓯市建安街道建瓯市林路汽车发展有限公司","福建省南平市建瓯市建安街道富凯汽配","福建省南平市建瓯市建安街道富凯汽配"
"华东区","福州分公司","祝新君","黄礼群","金融顾问","DM231130014","福州聚元汽车销售服务有限公司","福州聚元汽车销售服务有限公司","2025-03-03 08:53:53","2025-03-03 10:40:50","是","106","福建省福州市闽侯县尚干镇新榕路1号海峡文化广场汽车超市一层E厅128号","福建省福州市闽侯县青口汽车城","展业地址","福建省福州市闽侯县104国道38号靠近尚干镇","福建省福州市闽侯县奔驰大道1号楼靠近海峡汽车文化广场","福建省福州市闽侯县奔驰大道1号楼靠近海峡汽车文化广场"
"华东区","福州分公司","祝新君","张建峰","金融顾问","DM230421040","宁德市中资全呈汽车贸易有限公司","宁德市中资全呈汽车贸易有限公司","2025-03-03 08:51:57","2025-03-03 09:35:56","是","43","宁德市东侨经济开发区东方红二手车市场B区30号","福建省宁德市蕉城区富春西路","展业地址","福建省宁德市蕉城区富春西路宁德","福建省宁德市蕉城区鹤峰中路110号蕉南派出所","福建省宁德市蕉城区鹤峰中路110号蕉南派出所"
"华东区","福州分公司","邓翘","陈晓健","金融顾问","DM231206074","福州易致汽车销售有限公司仓山分公司","福州易致汽车销售有限公司仓山分公司","2025-03-03 08:50:57","2025-03-03 10:08:10","是","77","福建省福州市仓山区金山街道浦上大道272号仓山万达广场A区（A1-A4）1层185商铺","福建省福州市仓山区福建省福州市仓山区金山街道浦上大道272号仓山万达广场A区（A1-A4）1层185商铺","展业地址","福建省福州市仓山区浦上大道辅路947号靠近浦上大道(地铁站)","福建省福州市仓山区金山街道金洲南路141号万达广场A区","福建省福州市仓山区金山街道金洲南路141号万达广场A区"
"华东区","福州分公司","罗鸣健","方建荣","金融顾问","DM190211008","宁德市鼎旺贸易有限公司","宁德市鼎旺贸易有限公司","2025-03-03 08:47:46","2025-03-03 12:46:30","是","238","福建省宁德市蕉城区宁川北路新亚广场紫荆阁403","福建省宁德市蕉城区蕉城南路94号鸿源国际","展业地址","福建省宁德市蕉城区蕉城南路109-1号靠近泓源国际","福建省宁德市蕉城区鹤鸣路3号靠近城南总部经济大厦","福建省宁德市蕉城区蕉城南路926号靠近宁德海关"
"华东区","福州分公司","邓翘","黄梅","金融顾问","DM0000011020","莆田市步峰汽车有限公司","莆田市步峰汽车有限公司","2025-03-03 08:47:36","2025-03-03 12:45:31","是","237","福建省莆田市涵江区白塘镇埭里村（智舟高新技术园内）","福建省莆田市涵江区福建省莆田市涵江区白糖镇埭里工业园","展业地址","福建省莆田市涵江区白塘镇国欢西路","福建省莆田市涵江区国欢西路99号靠近下黄","福建省莆田市涵江区白塘镇莆田步峰吉利汽车4S店"
"华东区","福州分公司","祝新君","徐小丽","金融顾问","DM241225017","福州市鼓楼区驰捷汽车信息咨询服务部","福州市鼓楼区驰捷汽车信息咨询服务部（个体工商户）","2025-03-03 08:47:12","2025-03-03 14:26:26","是","339","福建省福州市鼓楼区水部街道福新路239号吉翔双子星大厦1#楼1006-A3","福建省福州市仓山区齐安路利嘉汽车城负一楼","展业地址","福建省福州市仓山区仁山路与义序路交叉口南140米利嘉国际商业城","福建省福州市仓山区仁山路64号利嘉国际商业城","福建省福州市仓山区仁山路与义序路交叉口南140米利嘉国际商业城"
"华东区","福州分公司","邓翘","谢文武","金融顾问","DM210415067","莆田比亚迪盛世开元汽车销售有限公司","莆田比亚迪盛世开元汽车销售有限公司","2025-03-03 08:47:10","2025-03-03 09:47:18","是","60","福建省莆田市荔城区西天尾镇城涵西大道3355号","福建省莆田市涵江区福建省莆田市涵江区国欢西路国欢西路","展业地址","福建省莆田市涵江区国欢西路国欢西路","福建省莆田市涵江区国欢西路国欢西路","福建省莆田市涵江区国欢西路国欢西路"
"华东区","福州分公司","邓翘","吴俊瑛","金融顾问","DM200703025","莆田市南加松汽车贸易有限公司","莆田市南加松汽车贸易有限公司","2025-03-03 08:44:22","2025-03-03 09:34:13","是","49","福建省莆田市荔城区西天尾镇澄渚村庙前888号","福建省莆田市荔城区西天尾镇澄渚村庙前888号","展业地址","福建省莆田市荔城区城涵东大道3222号靠近众泰汽车(福昆线店)","福建省莆田市荔城区城涵东大道3226号靠近誉峰名车","福建省莆田市荔城区城涵东大道3220号靠近启涵汽车工作室"
"华东区","福州分公司","祝新君","陈桂榕","金融顾问","DM220428104","创旅名车汇","福州市鼓楼区冠君汽车信息咨询服务部","2025-03-03 08:44:06","2025-03-03 09:54:20","是","70","福建省福州市鼓楼区水部街道五一北路129号榕城商贸中心七层08室-C13","福建省福州市仓山区仓山区红星农场仁山路52号利嘉国际商业城9号馆","展业地址","福建省福州市仓山区红星农场仁山路54号利嘉国际商业城9号馆","福建省福州市仓山区盖山镇利嘉国际商业城11号馆","福建省福州市仓山区盖山镇利嘉国际商业城11号馆"
"华东区","福州分公司","祝新君","林阿顺","金融顾问","DM240812069","中策车空间二手车","福州宝森二手车销售有限公司","2025-03-03 08:42:28","2025-03-03 09:10:30","是","28","福建省福州市闽侯县青口镇海韵路1号海韵国际城18#楼1层41店面","福建省福州市闽侯县南通镇鑫洲路88号三盛璞悦湾54号","展业地址","福建省福州市闽侯县鑫洲路88号三盛·璞悦湾南向54号三盛·璞悦湾","福建省福州市闽侯县鑫洲路88号三盛·璞悦湾","福建省福州市闽侯县鑫洲路88号三盛·璞悦湾"
"华东区","福州分公司","陈晨(易鑫融资租赁厦门分公司)","廖乾宇","金融顾问","DM200522042","延平区美利汽车信息咨询服务部","延平区美利汽车信息咨询服务部","2025-03-03 08:41:25","2025-03-03 21:28:58","是","767","福建省南平市延平区江滨南路333号3号楼15、16号店面","福建省南平市延平区江滨南路333号3号楼15、16号店面","展业地址","福建省南平市延平区四鹤街道西溪路三山江景天城","福建省南平市延平区四鹤街道西溪路三山江景天城","福建省南平市延平区四鹤街道西溪路三山江景天城"
"华东区","福州分公司","罗鸣健","邓智琴","金融顾问","DM240401093","淘车君（福州）汽车科技有限公司","淘车君（福州）汽车科技有限公司","2025-03-03 08:38:11","2025-03-03 09:40:53","是","62","福建省福州市仓山区城门镇潘墩路190号-530（自贸试验区内）","福建省福州市仓山区大浦路2号安德大厦1层","展业地址","福建省福州市仓山区双湖三路27号靠近福卡广场","福建省福州市仓山区盖山镇福卡广场","福建省福州市仓山区盖山镇福卡广场"
"华东区","福州分公司","邓翘","郑正利","金融顾问","DM220303044","福建皓晨汽车","福建皓晨汽车销售服务有限公司","2025-03-03 08:36:44","2025-03-03 09:07:10","是","30","福建省福州市福清市石竹街道龙塘村松尾埔3号一层店面","福建省福州市仓山区黄山公交站（福峡路西）","展业地址","福建省福州市仓山区福峡路11号靠近黄山(地铁站)","福建省福州市仓山区福峡路11-18号靠近黄山(地铁站)","福建省福州市仓山区福峡路11-18号靠近黄山(地铁站)"
"华东区","福州分公司","罗鸣健","陈剑峰","金融顾问","DM230925052","福州铭丁汽车服务有限公司","福州铭丁汽车服务有限公司","2025-03-03 08:33:53","2025-03-03 09:03:05","是","29","福州高新区海西高新技术产业园久策大厦A座1层108室","福建省福州市闽侯县高新区海西高新技术产业园久策大厦A座1层108室","展业地址","福建省福州市闽侯县乌龙江大道久策大厦","福建省福州市闽侯县上街镇久策大厦久策大厦A座","福建省福州市闽侯县乌龙江大道5号靠近德艺文创"
"华东区","福州分公司","祝新君","欧阳秀琴","金融顾问","DM240424147","福鼎市夏琼二手车行","福鼎市夏琼二手车行","2025-03-03 08:31:07","2025-03-03 13:53:56","是","322","福建省宁德市福鼎市贵昌二手车市场C区32-33号","福建省宁德市福鼎市闽浙二手车交易市场","展业地址","福建省宁德市福鼎市桐城街道小笼里132号羽诺汽修","福建省宁德市福鼎市(null)桐城街道","福建省宁德市福鼎市973县道973县道"
"华东区","福州分公司","邓翘","郑春秀","金融顾问","DM241224023","福州瀚越汽车贸易有限公司","福州瀚越汽车贸易有限公司","2025-03-03 08:29:51","2025-03-03 08:48:05","是","18","福建省福州市闽侯县祥谦镇枕峰村祥宏北路217号","福建省福州市闽侯县324国道21号靠近福州鑫金福机动车检测站","展业地址","福建省福州市闽侯县324国道21号靠近祥谦陵园","福建省福州市闽侯县033村道21号靠近福州鑫金福机动车检测站","福建省福州市闽侯县033村道21号靠近福州鑫金福机动车检测站"
"华东区","福州分公司","陈晨(易鑫融资租赁厦门分公司)","康礼青","金融顾问","DM211111002","机哥精品二手车","南平市建阳区机哥二手车有限公司","2025-03-03 08:17:18","2025-03-03 09:31:23","是","74","南平市建阳区建平大道951号","福建省南平市建阳市潭山大道","展业地址","福建省南平市建阳区潭山大道潭山大道","福建省南平市建阳区潭山大道468号靠近南平市建阳区实验幼儿园(七贤校区)","福建省南平市建阳区潭城街道元勋实木整装(三迪·西城枫丹店)三迪·西城枫丹"
"华东区","福州分公司","邓翘","邱贵辰","金融顾问","DM220421084","福建大川佳信汽车销售服务有限公司","福建大川佳信汽车销售服务有限公司","2025-03-03 08:01:46","2025-03-03 09:21:03","是","79","福建省莆田市仙游县鲤南镇城南东路2288号","福建省莆田市荔城区西天尾镇城涵西大道1819号","展业地址","福建省莆田市荔城区西天尾镇城涵西大道莆田市荣泰汽车服务有限公司","福建省莆田市荔城区城涵西大道1443号靠近溪安","福建省莆田市荔城区城涵西大道1780号靠近荔城交警大队车辆管理所"
"华东区","福州分公司","陈晨(易鑫融资租赁厦门分公司)","廖春娣","金融顾问","DM240314029","三明市三元区品优汽车用品商行","三明市三元区品优汽车用品商行","2025-03-03 08:01:39","2025-03-03 10:35:05","是","153","福建省三明市三元区翁墩城市物流园德安工业区46号102室","福建省三明市三元区福建省三明市三元区翁墩城市物流园德安工业区46号102室","展业地址","福建省三明市三元区新市北路新市北路","福建省三明市三元区乾龙路839号靠近美地大道","福建省三明市三元区新市北路811号靠近速8酒店(三明万达广场店)"
"华东区","福州分公司","罗鸣健","黄巧艳(易鑫融资租赁福州分公司-金融顾问)","金融顾问","DM240325149","福建安驰新能源科技有限公司","福建安驰新能源科技有限公司","2025-03-03 08:01:19","2025-03-03 08:19:09","是","17","福建省宁德市东侨经济开发区九龙路3号亿利城A区7幢2梯809室","福建省宁德市蕉城区福建省宁德市蕉城区104国道7-22号靠近蕉城区电子商务综合产业园","展业地址","福建省宁德市蕉城区104国道7-22号靠近蕉城区电子商务综合产业园","福建省宁德市蕉城区104国道7-22号靠近逸涛澜郡","福建省宁德市蕉城区104国道7-22号靠近宁德市公安局交警支队直属一大队金涵中队交通违法处理室"
"华东区","福州分公司","陈晨(易鑫融资租赁厦门分公司)","廖春娣","金融顾问","DM240506024","三明市沙县利诚二手车有限公司","三明市沙县利诚二手车有限公司","2025-03-02 21:20:45","2025-03-02 22:09:41","是","48","福建省三明市沙县区虬江水东路26-1号","福建省三明市沙县福建省三明市沙县区虬江水东路26-1号","展业地址","福建省三明市沙县区水东路24-1号三明汽车城","福建省三明市沙县区虬江街道水东路20-17号三明汽车城","福建省三明市沙县区水东路20-17号靠近三明汽车城"
"华东区","福州分公司","邓翘","郑正利","金融顾问","DM181009071","福州厚升汽车销售有限公司","福州厚升汽车销售有限公司","2025-03-02 21:05:52","2025-03-02 21:19:34","是","13","福建省福州市闽侯县尚干镇祥通路11-2号","福建省福州市闽侯县尚干镇祥通路11-2号","展业地址","福建省福州市闽侯县尚干镇祥通路11-2号","福建省福州市闽侯县祥通路11-2号靠近青口汽车城","福建省福州市闽侯县尚干镇福州厚升汽车销售有限公司青口汽车城"
"华东区","福州分公司","陈晨(易鑫融资租赁厦门分公司)","廖春娣","金融顾问","DM240314026","三明市骏豪严选二手车有限公司","三明市骏豪严选二手车有限公司","2025-03-02 20:50:40","2025-03-02 21:20:00","是","29","福建省三明市三元区陈大镇德安工业区42号2幢负一层1号","福建省三明市三元区福建省三明市三元区陈大镇德安工业区42号2幢负一层1号","展业地址","福建省三明市三元区碧玉路98号碧玉路98号","福建省三明市三元区陈大镇碧玉路92号明易物流园","福建省三明市三元区陈大镇碧玉路92号明易物流园"
"华东区","福州分公司","陈晨(易鑫融资租赁厦门分公司)","廖春娣","金融顾问","DM240506024","三明市沙县利诚二手车有限公司","三明市沙县利诚二手车有限公司","2025-03-02 18:55:39","2025-03-02 20:49:56","是","114","福建省三明市沙县区虬江水东路26-1号","福建省三明市沙县福建省三明市沙县区虬江水东路26-1号","展业地址","福建省三明市沙县区水东路24-1号三明汽车城","福建省三明市沙县区水东路20-17号靠近三明汽车城","福建省三明市沙县区虬江街道水东路20-17号三明汽车城"
"华东区","福州分公司","陈晨(易鑫融资租赁厦门分公司)","康礼青","金融顾问","DM210803105","南平市建阳区远华汽车贸易有限公司","南平市建阳区远华汽车贸易有限公司","2025-03-02 18:49:56","2025-03-02 19:37:43","是","47","南平市建阳区潭城街道建平大道258#号店面","福建省南平市建阳市童游大街万达广场","展业地址","福建省南平市建阳区童游大街万达广场","福建省南平市建阳区崇阳街道童游大街万达广场(南平建阳店)","福建省南平市建阳区童游大街141号靠近万达广场(南平建阳店)"
"华东区","福州分公司","陈晨(易鑫融资租赁厦门分公司)","苏儒宏","金融顾问","DM220314115","南平市建阳区鑫通达汽车贸易有限公司","南平市建阳区鑫通达汽车贸易有限公司","2025-03-02 18:17:51","2025-03-02 18:46:04","是","28","南平市建阳区嘉禾北路724、726、728号店","福建省南平市建阳市南平市建阳区嘉禾北路519-520号","展业地址","福建省南平市建阳区童游街道嘉禾北路451号南平百渡宾馆","福建省南平市建阳区童游街道嘉禾北路","福建省南平市建阳区童游街道嘉禾北路"
"华东区","福州分公司","陈晨(易鑫融资租赁厦门分公司)","廖春娣","金融顾问","DM240506019","三明市沙县旺顺汽车经纪有限公司","三明市沙县旺顺汽车经纪有限公司","2025-03-02 15:57:42","2025-03-02 18:55:20","是","177","福建省三明市沙县区虬江水东路28-3号","福建省三明市沙县福建省三明市沙县区虬江水东路28-3号","展业地址","福建省三明市沙县区虬江街道洋坊汽车城明发汽车广场A幢5-7号三明汽车城","福建省三明市沙县区水东路20-17号靠近三明汽车城","福建省三明市沙县区虬江街道水东路20-17号三明汽车城"
"华东区","福州分公司","陈晨(易鑫融资租赁厦门分公司)","康礼青","金融顾问","DM250217012","南平市建阳区腾榛二手车行（个人独资）","南平市建阳区腾榛二手车行（个人独资）","2025-03-02 15:39:32","2025-03-02 16:07:03","是","27","福建省南平市建阳区童游大街32号长泉物流7栋7-106店","福建省南平市建阳市福建省南平市建阳区童游大街32号长泉物流7栋7-106店","展业地址","福建省南平市建阳区童游大街57号靠近童子山观音寺","福建省南平市建阳区崇泰街道童游大街","福建省南平市建阳区童游大街32号靠近童子山观音寺"
"华东区","福州分公司","陈晨(易鑫融资租赁厦门分公司)","廖春娣","金融顾问","DM240506010","三明市车骏大贸易有限公司","三明市车骏大贸易有限公司","2025-03-02 14:39:36","2025-03-02 15:54:51","是","75","福建省三明市沙县区虬江水东路8-6号","福建省三明市沙县福建省三明市沙县区虬江水东路8-6号","展业地址","福建省三明市沙县区洋坊汽车园1号楼101号3-4层三明汽车城","福建省三明市沙县区水东路30-4号靠近三明汽车城","福建省三明市沙县区水东路30-4号靠近三明汽车城"
"华东区","福州分公司","邓翘","张丰","金融顾问","DM250114026","福州华胥汽车销售服务有限公司","福州华胥汽车销售服务有限公司","2025-03-02 13:48:03","2025-03-02 15:21:16","是","93","福建省福州市闽侯县青口镇新榕路23号","福建省福州市闽侯县青口镇新榕路23号","展业地址","福建省福州市闽侯县新榕路新榕路","福建省福州市闽侯县青口镇新榕路文富大厦","福建省福州市闽侯县新榕路17号靠近文富大厦"
"华东区","福州分公司","邓翘","张丰","金融顾问","DM241008045","福州众辰汽车销售有限公司","福州众辰汽车销售有限公司","2025-03-02 13:38:50","2025-03-02 13:45:54","是","7","福建省福州市马尾区亭江镇长洋路177号福州综合保税区管理局综合办公楼418-A029室（自贸试验区内）","福建省福州市仓山区仓山区潘墩路105号海峡车辆交易市场","展业地址","福建省福州市仓山区潘墩路105号海峡车辆交易市场众辰(福州)网约车运营中心","福建省福州市仓山区城门镇福峡路158号","福建省福州市仓山区福峡路158号靠近推易网红电商学院(福州校区)"
"华东区","福州分公司","邓翘","张丰","金融顾问","DM230404037","福州创响新能源汽车科技有限公司","福州创响新能源汽车科技有限公司","2025-03-02 12:34:49","2025-03-02 13:35:31","是","60","福建省福州市仓山区城门镇潘墩路190号-560（自贸试验区内）","福建省福州市仓山区福建省福州市仓山区城门镇潘墩路190号-560（自贸试验区内）","展业地址","福建省福州市仓山区高仕路7号C座靠近狮子姐螺蛳粉桂林米粉","福建省福州市仓山区盖山镇高仕路5号","福建省福州市仓山区高仕路5号靠近丰泉环保集团科技园"
"华东区","福州分公司","邓翘","张丰","金融顾问","DM210629035","福州厚元汽车服务有限公司","福州厚元汽车服务有限责任公司","2025-03-02 12:12:50","2025-03-02 12:33:38","是","20","福建省福州市闽侯县尚干镇良安路20号1#办公楼等7幢房屋","福建省福州市闽侯县尚干镇良安路20号1#办公楼7幢房屋","展业地址","福建省福州市闽侯县尚干镇良安路20号","福建省福州市闽侯县尚干镇祥通路13号青口汽车城","福建省福州市闽侯县尚干镇祥通路13号青口汽车城"
"华东区","福州分公司","邓翘","张丰","金融顾问","DM220905011","福州市闽侯县埃安汽车销售服务有限公司","福州市闽侯县埃安汽车销售服务有限公司","2025-03-02 09:25:46","2025-03-02 12:02:54","是","157","福建省福州市闽侯县尚干镇祥通路11-5号","福建省福州市闽侯县尚干镇祥通路11-5号","展业地址","福建省福州市闽侯县尚干镇良安路祥鑫","福建省福州市闽侯县祥通路11号靠近青口汽车城","福建省福州市闽侯县尚干镇祥通路11号青口汽车城"
"华东区","福州分公司","邓翘","张丰","金融顾问","DM220905011","福州市闽侯县埃安汽车销售服务有限公司","福州市闽侯县埃安汽车销售服务有限公司","2025-03-01 14:38:41","2025-03-02 09:24:52","否","1126","福建省福州市闽侯县尚干镇祥通路11-5号","福建省福州市闽侯县尚干镇祥通路11-5号","展业地址","福建省福州市闽侯县尚干镇良安路祥鑫","福建省福州市闽侯县青口汽车城青口汽车城","福建省福州市闽侯县尚干镇祥通路11号青口汽车城"
